,Name,arable,forest,managed_grassland,semi_natural,urban,NA,crop_div,crop_rich,mass_fl_area,mass_fl_pa,EUNIS_div_agg,EUNIS_rich_agg,EUNIS_div,EUNIS_rich
1,FBG1,0.809947095260199,0.113098300580686,0.0385324043127031,0.0384221998464111,0,0,0.66469663890419,2,0,0,0.66791721809872,4,0.687635723922714,7
2,FBG10,0.791865924969519,0.141172839991506,0.0201794656545192,0.0467817693844558,0,0,1.03426056621593,3,38567.4420952965,1,0.683196639330853,4,0.735378602513231,7
3,FBG11 alt,0.937632672472262,0,0.0316419228753347,0.0307254046524038,0,0,0.945230478983568,3,0,0,0.276655227340255,3,0.310243863635831,5
4,FBG12 neu (2018),0.857143136292827,0,0.00272733168942521,0.140129532017747,0,0,1.06269756403016,3,0,0,0.42361314383055,3,0.54912968423944,6
5,FBG13,0.941839575253316,0,0,0.0581604247466837,0,0,0.887314221658171,3,47830.9115693048,1,0.221875574369803,2,0.248632711425147,3
6,FBG14,0.934796488197357,0,0,0.0652035118026427,0,0,0.692789675952917,2,57754.9390282268,1,0.241051356020504,2,0.306908765699908,4
7,FBG15,0.782503016020437,0,0.0345168326961424,0.182980151283421,0,0,1.07996858481474,4,0,0,0.61887842035968,3,0.882108147688037,8
8,FBG16,0.843768225345006,0,0.0691044167672598,0.0713522844380479,0.0145092588882285,0.00126581456145761,0.686577535711282,2,0,0,0.58623543960828,5,0.635063349850144,7
9,FBG2_neu(2015),0.457241237033174,0.182045706090788,0.124195342751205,0.219111270488392,0.01740644363644,0,0.674205526551178,2,1.1997004407458,1,1.33014628208909,5,1.68128227097791,10
10,FBG3 alt,0.986096373730402,0,0,0.0139036262695977,0,0,1.06153406357658,3,29.3884229515679,1,0.0732529419658415,2,0.0732529419658415,2
11,FBG4,0.963850994035783,0,0.00928841922547545,0.0268605867387418,0,0,1.0728776736683,3,23004.2236382961,1,0.176105304639489,3,0.193927868215864,4
12,FBG5,0.640967268690579,0.0364378942608085,0.0725382474428654,0.250056589605747,0,0,0.890799087058378,3,0,0,0.942684837815045,4,1.1126547904613,8
13,FBG6,0.336641931924791,0,0.146787422831258,0.512638111198844,0.00393253404510709,0,0.867214273153559,3,11832.6418726179,1,1.01248266278957,4,1.58756082959755,7
14,FBG7,0.367186002254539,0,0.0137975801570035,0.619016417588457,0,0,1.05611113130704,3,0,0,0.723872249507281,3,0.982317429412924,6
15,FBG8,0,0.191616976043886,0.257452807591175,0.550930216364939,0,0,0,0,0,0,0.994378487201338,3,1.98116247037303,10
16,FBG9,0.951148528721084,0,0.0298858876974323,0.0189655835814835,0,0,0.684782472779085,2,0,0,0.227749801072425,3,0.236888078598984,4
17,GFH1,0.880411468070244,0,0.0255547747259793,0.0468606112373471,0.0471731459664295,0,0.641185583657266,2,69922.671547981,1,0.493326055582944,4,0.554988082022152,7
18,GFH10,0.661952447785142,0.267969308087912,0.0190072000354778,0.0510710440914682,0,0,1.0401543090673,4,0,0,0.853217397311507,4,0.925290084140287,8
19,GFH11,0,0.50886902329095,0.08829194919835,0.4028390275107,0,0,0,0,0,0,0.92433644604998,3,1.40188794362946,7
20,GFH12,0.6784997861705,0.168815637361939,0.0188304851473943,0.133854091320167,0,0,0.693147180559945,2,0,0,0.907465883942145,4,1.12016034506076,7
21,GFH13,0.908661237424003,0,0.0179555190279188,0.0733832435480778,0,0,1.37586369800396,4,53288.7531533609,1,0.350894278368924,3,0.430486328497097,5
22,GFH14,0.945895371524042,0.0130265429131024,0.0163751151460779,0.0247029704167774,0,0,1.30952663309372,4,14399.3253651895,1,0.267914903934442,4,0.280085376519091,5
23,GFH15,0.352376455190109,0.300871754989058,0.0392519990370594,0.307499790783774,0,0,0.693147180559945,2,41317.3754844954,1,1.21863337951025,4,1.90404141762116,10
24,GFH16,0.847934339721329,0.0467886747685229,0.0156137962919474,0.0600271219533783,0.0296360672648228,0,1.33050187944385,4,0,0,0.621224065147613,5,0.693667110910019,8
25,GFH2,0.964968923738186,0,0,0.0350310762618139,0,0,0.689609667890743,2,61601.353190463,1,0.151817537870279,2,0.173231961629562,4
26,GFH3,0.719842878635075,0.00974436875534733,0.247012626722103,0.023400125887474,0,0,0.691805658600741,2,0,0,0.715024691515303,4,0.723865177246363,5
27,GFH4,0.927080400004936,0.0273483535377087,0.00162906421956139,0.0293827794338658,0.0145594028039282,0,1.08998927656865,3,0,0,0.344303998503901,5,0.364310185376299,6
28,GFH5,0.813502359958237,0.00659324218987381,0.0643442162890945,0.0481490419955427,0.0674111395672522,0,1.28708462952683,4,0,0,0.705412414323713,5,0.759585980145993,9
29,GFH6,0.240722269632237,0.199201840901877,0.0205337438683314,0.539542145597555,0,0,0.684247116683237,2,0,0,1.07691861909065,4,1.7893953782408,9
30,GFH7,0.854141674098272,0,0,0.145858325901728,0,0,0.683003297891774,2,107255.617973212,1,0.415457149765002,2,0.594809058127865,5
31,GFH8,0.739252912435405,0.0224354083710496,0.135621055683555,0.10269062350999,0,0,0.693147180559945,2,72575.4534473566,1,0.813212784973911,4,0.908888966630019,8
32,GFH9,0.904009133158691,0,0.0310497591639425,0.0209331288596021,0.0440079788177645,0,1.30761560779519,4,0,0,0.417428828640205,4,0.423265737643973,5
33,HAR1,0,0.459884981764653,0,0.540115018235347,0,0,0,0,0,0,0.689925289500595,2,1.01347561541774,4
34,HAR10,0.0461856186557891,0.694579779696748,0,0.259214004390546,0,2.05972569176977e-05,1.09861228866811,3,0,0,0.745350584502193,4,1.03265662143055,7
35,HAR11,0.0213605828678842,0.116861415027904,0,0.860422121333565,0,0.0013558807706472,0.693147180559945,2,2683.14501832798,1,0.471333837793669,4,1.32747336645291,7
36,HAR12,0.971363843699018,0,0,0.0286361563009823,0,0,1.29866653633406,4,50901.101156476,1,0.129968872609197,2,0.146048293734656,3
37,HAR13,0.262404969108,0.607057543022824,0,0.130537487869176,0,0,1.37132007671286,4,11610.3665872887,1,0.919851124776342,3,0.96289249069952,5
38,HAR14,0.652527638683817,0.183078980534241,0,0.164393380781942,0,0,0.685763548624401,3,85882.7696683656,1,0.886214702946779,3,0.951813057089198,5
39,HAR15,0.810010393889311,0.00810406143460831,0.129884991772177,0.0520005529039038,0,0,1.53346943765448,5,0,0,0.628548753223036,4,0.680404178740027,6
40,HAR16,0.027799784895473,0.79098238715917,0.0220154413720763,0.159202386573281,0,0,0.693147180559945,2,0,0,0.661626391486384,4,0.695725304452291,5
41,HAR2,0.49979572087107,0,0,0.50020427912893,0,0,1.09109258164064,3,34486.5764347464,1,0.693147097100018,2,0.72583636878688,3
42,HAR3,0.859180703113905,0,0.0349826403836446,0.0963076625538589,0.00952899394859181,0,1.32288112720441,5,87599.3536868757,1,0.517418712528787,4,0.551117275127431,6
43,HAR4,0.980962218167135,0,0,0.019037781832865,0,0,1.00360689630141,3,120036.178241756,1,0.0942703338686972,2,0.107131203974034,3
44,HAR5,0.844232406106544,0.116108732144973,0,0.0396588617484829,0,0,0.693147180559945,2,0,0,0.520956953469476,3,0.540309411852514,4
45,HAR6,0.2926301640785,0.145462835259632,0,0.56189072981659,0,1.62708452775404e-05,1.09861228866811,3,0,0,0.964105738985174,4,1.0336532701299,5
46,HAR7,0.731783978542378,0.0623169445145193,0,0.205899076943103,0,0,0.792919064224266,3,91916.6742728222,1,0.726872717846552,3,0.815719633280326,5
47,HAR8,0.961076962625815,0,0,0.0389230373741852,0,0,1.09469249624571,3,51312.353030079,1,0.164506268671425,2,0.182859274908056,3
48,HAR9,0.906572550521943,0.0162884939207152,0,0.0771389555573414,0,0,0.69238379887389,2,4006.00543904305,1,0.353626349179934,3,0.434399730996423,6
49,SIP1,0.698675826196439,0,0,0.29876535938036,0,0.0025588144232006,0.69138336422285,2,5101.21803931892,1,0.626732090843076,3,0.672443282043264,5
50,SIP10,0.965941194393298,0,0,0.0289159153486135,0,0.00514289025808873,0.602306980510221,2,1782.1005038172,1,0.163035445573209,3,0.183073839594169,4
51,SIP11,0.331812185657861,0,0.241993224300447,0.0605228400303871,0.365408021001441,0.000263729009864465,0.669206925087692,2,27680.3962832674,1,1.24919652467606,5,1.30882898053769,7
52,SIP12,0.439210866621902,0,0.466482699040224,0.0943064343378732,0,0,0.693147180559945,2,0,0,0.939757990248149,3,1.03735667793074,5
53,SIP13,0,0.466633233107094,0,0.531512659780921,0.00180284975984154,5.12573521439669e-05,0,0,0,0,0.703501787197911,4,1.17662577784451,7
54,SIP14,0,0.853895734349162,0.0216898138618351,0.124414451789003,0,0,0,0,0,0,0.477258106268304,3,0.518226241207716,4
55,SIP15,0.659662597252612,0.171320685293048,0.00487777017015813,0.164138947284182,0,0,0.69266970468539,2,0,0,0.899255036434997,4,0.996897160508409,6
56,SIP16,0,0.966368309452277,0.025899628370401,0.00773206217732243,0,0,0,0,0,0,0.165280901042221,3,0.165280901042221,3
57,SIP2,0,0.0649633804155215,0,0.934839856315588,0,0.000196763268890016,0,0,0,0,0.242274064104577,3,0.584178219312768,5
58,SIP3,0.0905400121971163,0.0781022770989747,0,0.831357710703909,0,0,0.693147180559945,2,11229.1559563833,1,0.570161699515943,3,0.799428442881856,7
59,SIP5,0.329532247972041,0.413519446270231,0.0655460034978608,0.046183236086814,0,0.145219066173053,0.693147180559945,2,0,0,1.33180097342611,5,1.36099748736535,6
60,SIP6,0.733744171518499,0,0,0.266255828481501,0,0,0.691709027042025,2,9612.50768337306,1,0.579499135434004,2,0.739744049275373,5
61,SIP7,0.723928820360077,0,0,0.276071179639923,0,0,0.691677059037436,2,8984.44135042652,1,0.589204304250543,2,0.655766421938501,3
62,SIP8,0.0406453429378954,0.0210066379752904,0,0.938348019086814,0,0,0.693147180559945,2,0,0,0.271039876407034,3,0.588777883181786,6
63,SIP9,0.0521081610639733,0.575312859718819,0.0875611091263858,0.285017870090822,0,0,0.693147180559945,2,0,0,1.04301013637387,4,1.50007183558051,7
64,SST1,0.901952364498501,0,0.0488721489678254,0.0403420110931446,0.00872512893803973,0.000108346502489167,1.06904103629388,3,0,0,0.412470889130193,5,0.441770155611963,7
65,SST10,0.975281988802928,0,0,0.0247180111970719,0,0,1.37480992819296,4,0,0,0.115872128632971,2,0.115872128632971,2
66,SST11,0.98752487043217,0,0,0.0124751295678303,0,0,1.22367789643356,4,0,0,0.0670881852351216,2,0.077638391262685,5
67,SST12,0.984632378728936,0,0.00182897874346005,0.0135386425276038,0,0,1.04745577939669,3,102540.30643273,1,0.0850248536415713,3,0.0927222516697413,4
68,SST13,0.98662850011728,0,0,0.0133714998827204,0,0,1.35110410816644,4,0,0,0.0709747709092879,2,0.0788963499617239,3
69,SST14,0.988064571521928,0,0,0.0119354284780724,0,0,0.816953329243135,3,120766.330201684,1,0.0647169071366305,2,0.0715161053575377,3
70,SST15,0.974587790738392,0,0,0.025412209261608,0,0,1.33173917899724,4,107695.639030557,1,0.118413536225258,2,0.136006277134027,3
71,SST16,0.980931384658657,0,0,0.0190686153413432,0,0,0.927744936442934,3,0,0,0.0943918574621588,2,0.107212695881136,3
72,SST2,0.918058397421944,0,0,0.0797081242328278,0,0.00223347834522855,0.64795827279183,3,0,0,0.293734761426677,3,0.34634968416209,4
73,SST3,0.914837355543444,0,0,0.0846442442228167,0,0.000518400233739385,1.22606493256031,4,14131.4178263601,1,0.294362194692603,3,0.372209499502681,5
74,SST4,0.951089917994452,0,0.00177885230560075,0.047131229699947,0,0,1.20902829662537,4,105890.939395746,1,0.202934702927399,3,0.203620915025508,4
75,SST5 (neu ab 2017),0.947423856803696,0,0,0.0525761431963041,0,0,1.27223220793544,4,0,0,0.206031789877164,2,0.240844289383042,3
76,SST6,0.967550092157238,0,0,0.0324499078427618,0,0,0.899671766138627,3,0,0,0.143157776064043,2,0.163592137228692,3
77,SST7,0.782300301090057,0.181995033156485,0,0.0357046657534575,0,0,1.09861228866811,3,0,0,0.621131321687274,3,0.638993876330053,4
78,SST8,0.966419348204253,0,0.00183077378583918,0.0317498780099075,0,0,1.35362830413392,4,106235.964322569,1,0.154082637018286,3,0.183933088056142,5
79,SST9,0.946673421667189,0,0.0106946924690433,0.0426318858637675,0,0,0.80158149726879,4,1273.64966315217,1,0.234921456967771,3,0.264105542959467,4
80,WAN1,0.593746018797062,0,0.0270962140828268,0.379157767120111,0,0,1.14405541718748,5,0,0,0.775003181192078,3,0.841784461400892,5
81,WAN10,0.965668179404187,0,0,0.0343318205958131,0,0,0.667711011405047,2,0,0,0.149491624619592,2,0.186993730943062,4
82,WAN11,0.505461081374368,0,0.0194245890165124,0.0221230708059612,0.452991258803159,0,1.16487128100604,4,0,0,0.864454440241175,4,0.864454440241175,4
83,WAN12,0.934520316833193,0,0.0263650358867515,0.0244733508988987,0,0.0146412963811562,1.74323741864912,6,68010.2730755266,1,0.311787110020275,4,0.31798138399543,5
84,WAN13,0.916089084767173,0,0.0282019567297871,0.0557089585030403,0,0,1.14729786124982,6,0,0,0.341788403133262,3,0.391584952571522,5
85,WAN14,0.957003367638497,0,0,0.0429966323615033,0,0,1.11762356661354,6,0,0,0.177353379802804,2,0.222119805812784,4
86,WAN15,0.0201805467234799,0.406147337506289,0.156309829686427,0.131992543471523,0.285369742612282,0,0.693147180559945,2,0,0,1.35994907337667,5,1.56316592515038,10
87,WAN16,0.271642015281681,0.525987729076085,0,0.202370255642234,0,0,1.13316597660781,4,19789.9852939126,1,1.01527628567254,3,1.17201799806471,5
88,WAN2,0.828661867801268,0,0.00442856133449888,0.101003227997117,0.0659063428671157,0,1.14215925638733,5,84431.9197195778,1,0.590536596887611,4,0.645166559557547,5
89,WAN3,0.237172427920391,0,0.243963150495559,0.330792461346358,0.188071960237692,0,0.693147180559945,2,0,0,1.36565063287387,4,1.90592763079581,10
90,WAN4,0.95474653347931,0,0,0.0452534665206896,0,0,1.41378082746371,5,0,0,0.184294743246929,2,0.223887410173686,4
91,WAN5,0.119053738388012,0,0.148112109663822,0.732834151948166,0,0,1.09861228866811,3,0,0,0.76402135953721,3,1.15740410741648,7
92,WAN6,0.943747652019296,0.0269565029364081,0,0.0292958450442961,0,0,0.390704079360232,2,0,0,0.255471207915115,3,0.287657725078811,7
93,WAN7,0.0247889452097666,0.362687034236746,0,0.612524020553487,0,0,1.09861228866811,3,0,0,0.759735350833128,3,0.900077657696021,5
94,WAN8,0.975504370825831,0,0,0.0244496961988144,0,4.5932975354663e-05,1.04619906374535,3,4664.96379796229,1,0.115388108826496,3,0.130750742763678,4
95,WAN9,0.998447151170673,0,0,0.00155284882932747,0,0,1.35145663336792,4,0,0,0.0115949471310952,2,0.0124039147103872,3
