"site","GenSpec","StartDate","EndDate","YearValue","sum_pantrap"
"FBG","Bombus_lapidarius",2010-08-02,2010-08-16,2010,2
"FBG","Bombus_lapidarius",2010-08-16,2010-08-30,2010,2
"FBG","Bombus_lapidarius",2010-08-30,2010-09-13,2010,2
"FBG","Bombus_lapidarius",2011-05-02,2011-05-16,2011,3
"FBG","Bombus_lapidarius",2011-05-16,2011-05-30,2011,5
"FBG","Bombus_lapidarius",2011-05-30,2011-06-14,2011,23
"FBG","Bombus_lapidarius",2011-08-01,2011-08-15,2011,3
"FBG","Bombus_lapidarius",2011-08-15,2011-08-29,2011,2
"FBG","Bombus_lapidarius",2011-08-29,2011-09-12,2011,1
"FBG","Bombus_lapidarius",2012-05-02,2012-05-15,2012,1
"FBG","Bombus_lapidarius",2012-05-14,2012-05-29,2012,4
"FBG","Bombus_lapidarius",2012-05-29,2012-06-12,2012,11
"FBG","Bombus_lapidarius",2012-07-31,2012-08-14,2012,6
"FBG","Bombus_lapidarius",2012-08-14,2012-08-28,2012,1
"FBG","Bombus_lapidarius",2013-05-13,2013-05-27,2013,1
"FBG","Bombus_lapidarius",2013-05-27,2013-06-10,2013,2
"FBG","Bombus_lapidarius",2013-08-05,2013-08-19,2013,2
"FBG","Bombus_lapidarius",2013-08-19,2013-09-02,2013,1
"FBG","Bombus_lapidarius",2014-04-28,2014-05-12,2014,5
"FBG","Bombus_lapidarius",2014-05-12,2014-05-26,2014,7
"FBG","Bombus_lapidarius",2014-07-14,2014-07-28,2014,2
"FBG","Bombus_lapidarius",2015-04-20,2015-05-04,2015,1
"FBG","Bombus_lapidarius",2015-05-04,2015-05-18,2015,2
"FBG","Bombus_lapidarius",2015-05-18,2015-06-01,2015,1
"FBG","Bombus_lapidarius",2015-07-23,2015-08-03,2015,1
"FBG","Bombus_lapidarius",2016-05-18,2016-06-01,2016,5
"FBG","Bombus_lapidarius",2016-07-13,2016-07-27,2016,2
"FBG","Bombus_lapidarius",2016-07-27,2016-08-10,2016,1
"FBG","Bombus_lapidarius",2017-05-17,2017-05-31,2017,2
"FBG","Bombus_lapidarius",2018-05-02,2018-05-16,2018,1
"FBG","Bombus_lapidarius",2018-05-16,2018-05-30,2018,1
"FBG","Bombus_lapidarius",2018-08-01,2018-08-15,2018,1
"FBG","Bombus_terrestris",2010-05-02,2010-05-17,2010,14
"FBG","Bombus_terrestris",2010-05-17,2010-05-24,2010,4
"FBG","Bombus_terrestris",2010-05-24,2010-06-07,2010,2
"FBG","Bombus_terrestris",2010-08-02,2010-08-16,2010,4
"FBG","Bombus_terrestris",2010-08-16,2010-08-30,2010,3
"FBG","Bombus_terrestris",2010-08-30,2010-09-13,2010,3
"FBG","Bombus_terrestris",2011-05-02,2011-05-16,2011,5
"FBG","Bombus_terrestris",2011-05-16,2011-05-30,2011,13
"FBG","Bombus_terrestris",2011-05-30,2011-06-14,2011,35
"FBG","Bombus_terrestris",2011-08-01,2011-08-15,2011,5
"FBG","Bombus_terrestris",2011-08-15,2011-08-29,2011,8
"FBG","Bombus_terrestris",2011-08-29,2011-09-12,2011,3
"FBG","Bombus_terrestris",2012-05-02,2012-05-15,2012,3
"FBG","Bombus_terrestris",2012-05-14,2012-05-29,2012,6
"FBG","Bombus_terrestris",2012-05-29,2012-06-12,2012,15
"FBG","Bombus_terrestris",2012-08-28,2012-09-11,2012,1
"FBG","Bombus_terrestris",2013-05-13,2013-05-27,2013,4
"FBG","Bombus_terrestris",2013-05-27,2013-06-10,2013,7
"FBG","Bombus_terrestris",2013-08-05,2013-08-19,2013,17
"FBG","Bombus_terrestris",2013-09-02,2013-09-16,2013,1
"FBG","Bombus_terrestris",2014-04-14,2014-04-28,2014,4
"FBG","Bombus_terrestris",2014-04-28,2014-05-12,2014,11
"FBG","Bombus_terrestris",2014-05-12,2014-05-26,2014,34
"FBG","Bombus_terrestris",2014-07-14,2014-07-28,2014,16
"FBG","Bombus_terrestris",2014-07-28,2014-08-13,2014,8
"FBG","Bombus_terrestris",2014-08-13,2014-08-26,2014,3
"FBG","Bombus_terrestris",2015-04-20,2015-05-04,2015,3
"FBG","Bombus_terrestris",2015-05-04,2015-05-18,2015,4
"FBG","Bombus_terrestris",2015-05-18,2015-06-01,2015,5
"FBG","Bombus_terrestris",2015-07-23,2015-08-03,2015,10
"FBG","Bombus_terrestris",2016-04-20,2016-05-04,2016,2
"FBG","Bombus_terrestris",2016-05-04,2016-05-18,2016,3
"FBG","Bombus_terrestris",2016-05-18,2016-06-01,2016,14
"FBG","Bombus_terrestris",2016-07-13,2016-07-27,2016,5
"FBG","Bombus_terrestris",2016-07-27,2016-08-10,2016,1
"FBG","Bombus_terrestris",2016-08-10,2016-08-24,2016,3
"FBG","Bombus_terrestris",2017-04-20,2017-05-04,2017,35
"FBG","Bombus_terrestris",2017-05-04,2017-05-17,2017,14
"FBG","Bombus_terrestris",2017-05-17,2017-05-31,2017,11
"FBG","Bombus_terrestris",2017-08-09,2017-08-23,2017,1
"FBG","Bombus_terrestris",2017-08-23,2017-09-06,2017,1
"FBG","Bombus_terrestris",2018-05-02,2018-05-16,2018,1
"FBG","Bombus_terrestris",2018-05-16,2018-05-30,2018,5
"FBG","Bombus_terrestris",2018-08-01,2018-08-15,2018,1
"FBG","Bombus_terrestris",2018-08-29,2018-09-12,2018,1
"FBG","Bombus_terrestris",2019-04-15,2019-04-29,2019,4
"FBG","Bombus_terrestris",2019-04-29,2019-05-13,2019,15
"FBG","Bombus_terrestris",2019-05-13,2019-05-27,2019,11
"FBG","Bombus_terrestris",2020-04-14,2020-04-28,2020,1
"FBG","Bombus_terrestris",2020-04-28,2020-05-12,2020,3
"FBG","Bombus_terrestris",2020-05-12,2020-05-26,2020,12
"FBG","Bombus_terrestris",2020-07-21,2020-08-04,2020,2
"FBG","Bombus_terrestris",2020-08-04,2020-08-18,2020,2
"GFH","Bombus_lapidarius",2010-05-04,2010-05-26,2010,1
"GFH","Bombus_lapidarius",2010-05-26,2010-06-09,2010,1
"GFH","Bombus_lapidarius",2010-08-04,2010-08-18,2010,5
"GFH","Bombus_lapidarius",2010-08-18,2010-09-01,2010,6
"GFH","Bombus_lapidarius",2011-05-04,2011-05-18,2011,2
"GFH","Bombus_lapidarius",2011-05-18,2011-06-01,2011,5
"GFH","Bombus_lapidarius",2011-06-01,2011-06-16,2011,16
"GFH","Bombus_lapidarius",2011-08-03,2011-08-17,2011,3
"GFH","Bombus_lapidarius",2011-08-31,2011-09-14,2011,1
"GFH","Bombus_lapidarius",2012-05-16,2012-05-31,2012,3
"GFH","Bombus_lapidarius",2012-05-31,2012-06-14,2012,3
"GFH","Bombus_lapidarius",2012-08-02,2012-08-16,2012,2
"GFH","Bombus_lapidarius",2013-08-07,2013-08-21,2013,4
"GFH","Bombus_lapidarius",2013-08-21,2013-09-04,2013,1
"GFH","Bombus_lapidarius",2014-05-02,2014-05-14,2014,1
"GFH","Bombus_lapidarius",2014-05-14,2014-05-28,2014,4
"GFH","Bombus_lapidarius",2014-07-14,2014-07-30,2014,5
"GFH","Bombus_lapidarius",2014-07-30,2014-08-12,2014,1
"GFH","Bombus_lapidarius",2014-08-12,2014-08-27,2014,1
"GFH","Bombus_lapidarius",2015-07-21,2015-08-04,2015,3
"GFH","Bombus_lapidarius",2015-08-04,2015-08-20,2015,1
"GFH","Bombus_lapidarius",2015-08-20,2015-09-01,2015,1
"GFH","Bombus_lapidarius",2016-04-19,2016-05-03,2016,4
"GFH","Bombus_lapidarius",2016-07-12,2016-07-26,2016,3
"GFH","Bombus_lapidarius",2016-08-09,2016-08-23,2016,1
"GFH","Bombus_lapidarius",2017-04-19,2017-05-03,2017,1
"GFH","Bombus_lapidarius",2017-05-03,2017-05-16,2017,1
"GFH","Bombus_lapidarius",2017-05-16,2017-05-30,2017,6
"GFH","Bombus_lapidarius",2017-07-25,2017-08-08,2017,1
"GFH","Bombus_lapidarius",2017-08-22,2017-09-05,2017,1
"GFH","Bombus_lapidarius",2018-04-17,2018-05-01,2018,2
"GFH","Bombus_lapidarius",2018-05-15,2018-05-29,2018,1
"GFH","Bombus_lapidarius",2019-04-16,2019-04-30,2019,1
"GFH","Bombus_lapidarius",2019-07-23,2019-08-06,2019,3
"GFH","Bombus_lapidarius",2019-08-06,2019-08-20,2019,3
"GFH","Bombus_lapidarius",2020-04-29,2020-05-13,2020,1
"GFH","Bombus_lapidarius",2020-07-22,2020-08-05,2020,1
"GFH","Bombus_lapidarius",2020-08-05,2020-08-19,2020,1
"GFH","Bombus_terrestris",2010-05-04,2010-05-26,2010,7
"GFH","Bombus_terrestris",2010-05-26,2010-06-09,2010,2
"GFH","Bombus_terrestris",2010-08-04,2010-08-18,2010,9
"GFH","Bombus_terrestris",2010-08-18,2010-09-01,2010,4
"GFH","Bombus_terrestris",2010-09-01,2010-09-15,2010,2
"GFH","Bombus_terrestris",2011-05-04,2011-05-18,2011,1
"GFH","Bombus_terrestris",2011-05-18,2011-06-01,2011,5
"GFH","Bombus_terrestris",2011-06-01,2011-06-16,2011,11
"GFH","Bombus_terrestris",2011-08-03,2011-08-17,2011,4
"GFH","Bombus_terrestris",2011-08-31,2011-09-14,2011,1
"GFH","Bombus_terrestris",2012-05-04,2012-05-17,2012,5
"GFH","Bombus_terrestris",2012-05-16,2012-05-31,2012,6
"GFH","Bombus_terrestris",2012-05-31,2012-06-14,2012,9
"GFH","Bombus_terrestris",2012-08-02,2012-08-16,2012,1
"GFH","Bombus_terrestris",2012-08-16,2012-08-30,2012,1
"GFH","Bombus_terrestris",2012-08-30,2012-09-13,2012,1
"GFH","Bombus_terrestris",2013-05-02,2013-05-16,2013,1
"GFH","Bombus_terrestris",2013-05-16,2013-06-03,2013,3
"GFH","Bombus_terrestris",2013-06-03,2013-06-13,2013,8
"GFH","Bombus_terrestris",2013-08-07,2013-08-21,2013,25
"GFH","Bombus_terrestris",2013-08-21,2013-09-04,2013,9
"GFH","Bombus_terrestris",2013-09-04,2013-09-18,2013,2
"GFH","Bombus_terrestris",2014-04-16,2014-05-02,2014,2
"GFH","Bombus_terrestris",2014-05-02,2014-05-14,2014,14
"GFH","Bombus_terrestris",2014-05-14,2014-05-28,2014,16
"GFH","Bombus_terrestris",2014-07-14,2014-07-30,2014,28
"GFH","Bombus_terrestris",2014-07-30,2014-08-12,2014,6
"GFH","Bombus_terrestris",2014-08-12,2014-08-27,2014,2
"GFH","Bombus_terrestris",2015-04-21,2015-05-05,2015,1
"GFH","Bombus_terrestris",2015-05-05,2015-05-19,2015,3
"GFH","Bombus_terrestris",2015-05-19,2015-06-03,2015,9
"GFH","Bombus_terrestris",2015-07-21,2015-08-04,2015,12
"GFH","Bombus_terrestris",2015-08-04,2015-08-20,2015,4
"GFH","Bombus_terrestris",2015-08-20,2015-09-01,2015,3
"GFH","Bombus_terrestris",2016-04-19,2016-05-03,2016,6
"GFH","Bombus_terrestris",2016-05-03,2016-05-19,2016,7
"GFH","Bombus_terrestris",2016-05-19,2016-05-31,2016,5
"GFH","Bombus_terrestris",2016-07-12,2016-07-26,2016,25
"GFH","Bombus_terrestris",2016-07-26,2016-08-09,2016,16
"GFH","Bombus_terrestris",2016-08-09,2016-08-23,2016,17
"GFH","Bombus_terrestris",2017-04-19,2017-05-03,2017,7
"GFH","Bombus_terrestris",2017-05-03,2017-05-16,2017,11
"GFH","Bombus_terrestris",2017-05-16,2017-05-30,2017,22
"GFH","Bombus_terrestris",2017-07-25,2017-08-08,2017,2
"GFH","Bombus_terrestris",2017-08-08,2017-08-22,2017,2
"GFH","Bombus_terrestris",2017-08-22,2017-09-05,2017,1
"GFH","Bombus_terrestris",2018-04-17,2018-05-01,2018,3
"GFH","Bombus_terrestris",2018-05-01,2018-05-15,2018,12
"GFH","Bombus_terrestris",2018-05-15,2018-05-29,2018,14
"GFH","Bombus_terrestris",2018-08-02,2018-08-17,2018,5
"GFH","Bombus_terrestris",2018-08-17,2018-08-30,2018,2
"GFH","Bombus_terrestris",2019-04-16,2019-04-30,2019,3
"GFH","Bombus_terrestris",2019-04-30,2019-05-14,2019,11
"GFH","Bombus_terrestris",2019-05-14,2019-05-29,2019,10
"GFH","Bombus_terrestris",2019-07-23,2019-08-06,2019,12
"GFH","Bombus_terrestris",2019-08-06,2019-08-20,2019,3
"GFH","Bombus_terrestris",2019-08-20,2019-09-04,2019,7
"GFH","Bombus_terrestris",2020-04-15,2020-04-29,2020,4
"GFH","Bombus_terrestris",2020-04-29,2020-05-13,2020,11
"GFH","Bombus_terrestris",2020-05-13,2020-05-27,2020,8
"GFH","Bombus_terrestris",2020-07-22,2020-08-05,2020,25
"GFH","Bombus_terrestris",2020-08-05,2020-08-19,2020,9
"GFH","Bombus_terrestris",2020-08-19,2020-09-02,2020,8
"HAR","Bombus_lapidarius",2010-05-25,2010-06-08,2010,2
"HAR","Bombus_lapidarius",2010-08-03,2010-08-17,2010,3
"HAR","Bombus_lapidarius",2010-08-17,2010-08-31,2010,7
"HAR","Bombus_lapidarius",2010-08-31,2010-09-14,2010,7
"HAR","Bombus_lapidarius",2011-05-03,2011-05-17,2011,3
"HAR","Bombus_lapidarius",2011-05-17,2011-05-31,2011,6
"HAR","Bombus_lapidarius",2011-05-31,2011-06-15,2011,22
"HAR","Bombus_lapidarius",2011-08-16,2011-08-30,2011,2
"HAR","Bombus_lapidarius",2011-08-30,2011-09-13,2011,2
"HAR","Bombus_lapidarius",2012-05-03,2012-05-16,2012,4
"HAR","Bombus_lapidarius",2012-05-15,2012-05-30,2012,8
"HAR","Bombus_lapidarius",2012-05-30,2012-06-13,2012,17
"HAR","Bombus_lapidarius",2012-08-15,2012-08-29,2012,1
"HAR","Bombus_lapidarius",2013-05-14,2013-05-28,2013,1
"HAR","Bombus_lapidarius",2013-05-28,2013-06-11,2013,5
"HAR","Bombus_lapidarius",2013-08-06,2013-08-20,2013,2
"HAR","Bombus_lapidarius",2013-08-20,2013-09-03,2013,5
"HAR","Bombus_lapidarius",2013-09-03,2013-09-17,2013,2
"HAR","Bombus_lapidarius",2014-04-15,2014-04-29,2014,4
"HAR","Bombus_lapidarius",2014-04-29,2014-05-13,2014,16
"HAR","Bombus_lapidarius",2014-05-13,2014-05-27,2014,23
"HAR","Bombus_lapidarius",2015-05-06,2015-05-20,2015,7
"HAR","Bombus_lapidarius",2015-05-20,2015-06-02,2015,1
"HAR","Bombus_lapidarius",2015-08-18,2015-08-31,2015,2
"HAR","Bombus_lapidarius",2016-04-18,2016-05-02,2016,3
"HAR","Bombus_lapidarius",2016-05-02,2016-05-17,2016,6
"HAR","Bombus_lapidarius",2016-05-17,2016-05-30,2016,5
"HAR","Bombus_lapidarius",2016-07-11,2016-07-25,2016,4
"HAR","Bombus_lapidarius",2016-07-25,2016-08-08,2016,3
"HAR","Bombus_lapidarius",2016-08-08,2016-08-22,2016,4
"HAR","Bombus_lapidarius",2017-04-18,2017-05-02,2017,12
"HAR","Bombus_lapidarius",2017-07-24,2017-08-07,2017,6
"HAR","Bombus_lapidarius",2018-04-30,2018-05-14,2018,1
"HAR","Bombus_lapidarius",2018-05-14,2018-05-28,2018,1
"HAR","Bombus_lapidarius",2018-08-27,2018-09-10,2018,2
"HAR","Bombus_lapidarius",2019-05-15,2019-05-29,2019,1
"HAR","Bombus_lapidarius",2019-07-24,2019-08-07,2019,1
"HAR","Bombus_lapidarius",2019-08-07,2019-08-21,2019,1
"HAR","Bombus_lapidarius",2019-08-21,2019-09-05,2019,1
"HAR","Bombus_lapidarius",2020-04-13,2020-04-27,2020,1
"HAR","Bombus_lapidarius",2020-04-27,2020-05-11,2020,1
"HAR","Bombus_lapidarius",2020-07-20,2020-08-03,2020,1
"HAR","Bombus_lapidarius",2020-08-17,2020-08-31,2020,2
"HAR","Bombus_terrestris",2010-05-11,2010-05-25,2010,5
"HAR","Bombus_terrestris",2010-05-25,2010-06-08,2010,18
"HAR","Bombus_terrestris",2010-08-03,2010-08-17,2010,3
"HAR","Bombus_terrestris",2010-08-17,2010-08-31,2010,5
"HAR","Bombus_terrestris",2010-08-31,2010-09-14,2010,3
"HAR","Bombus_terrestris",2011-05-03,2011-05-17,2011,6
"HAR","Bombus_terrestris",2011-05-17,2011-05-31,2011,12
"HAR","Bombus_terrestris",2011-05-31,2011-06-15,2011,44
"HAR","Bombus_terrestris",2011-08-02,2011-08-16,2011,1
"HAR","Bombus_terrestris",2011-08-16,2011-08-30,2011,2
"HAR","Bombus_terrestris",2012-05-03,2012-05-16,2012,5
"HAR","Bombus_terrestris",2012-05-15,2012-05-30,2012,15
"HAR","Bombus_terrestris",2012-05-30,2012-06-13,2012,47
"HAR","Bombus_terrestris",2012-08-29,2012-09-12,2012,2
"HAR","Bombus_terrestris",2013-05-14,2013-05-28,2013,6
"HAR","Bombus_terrestris",2013-05-28,2013-06-11,2013,23
"HAR","Bombus_terrestris",2013-08-06,2013-08-20,2013,29
"HAR","Bombus_terrestris",2013-08-20,2013-09-03,2013,24
"HAR","Bombus_terrestris",2013-09-03,2013-09-17,2013,9
"HAR","Bombus_terrestris",2014-04-15,2014-04-29,2014,17
"HAR","Bombus_terrestris",2014-04-29,2014-05-13,2014,16
"HAR","Bombus_terrestris",2014-05-13,2014-05-27,2014,23
"HAR","Bombus_terrestris",2014-07-15,2014-07-29,2014,50
"HAR","Bombus_terrestris",2014-07-29,2014-08-14,2014,5
"HAR","Bombus_terrestris",2014-08-14,2014-08-25,2014,1
"HAR","Bombus_terrestris",2015-04-22,2015-05-06,2015,3
"HAR","Bombus_terrestris",2015-05-06,2015-05-20,2015,6
"HAR","Bombus_terrestris",2015-05-20,2015-06-02,2015,29
"HAR","Bombus_terrestris",2015-07-22,2015-08-05,2015,169
"HAR","Bombus_terrestris",2015-08-05,2015-08-18,2015,2
"HAR","Bombus_terrestris",2015-08-18,2015-08-31,2015,10
"HAR","Bombus_terrestris",2016-04-18,2016-05-02,2016,11
"HAR","Bombus_terrestris",2016-05-02,2016-05-17,2016,15
"HAR","Bombus_terrestris",2016-05-17,2016-05-30,2016,23
"HAR","Bombus_terrestris",2016-07-11,2016-07-25,2016,50
"HAR","Bombus_terrestris",2016-07-25,2016-08-08,2016,8
"HAR","Bombus_terrestris",2016-08-08,2016-08-22,2016,2
"HAR","Bombus_terrestris",2017-04-18,2017-05-02,2017,61
"HAR","Bombus_terrestris",2017-05-02,2017-05-15,2017,17
"HAR","Bombus_terrestris",2017-05-15,2017-05-29,2017,21
"HAR","Bombus_terrestris",2017-07-24,2017-08-07,2017,2
"HAR","Bombus_terrestris",2017-08-07,2017-08-21,2017,1
"HAR","Bombus_terrestris",2017-08-21,2017-09-04,2017,5
"HAR","Bombus_terrestris",2018-04-16,2018-04-30,2018,10
"HAR","Bombus_terrestris",2018-04-30,2018-05-14,2018,8
"HAR","Bombus_terrestris",2018-05-14,2018-05-28,2018,11
"HAR","Bombus_terrestris",2018-07-30,2018-08-13,2018,12
"HAR","Bombus_terrestris",2018-08-13,2018-08-27,2018,6
"HAR","Bombus_terrestris",2018-08-27,2018-09-10,2018,4
"HAR","Bombus_terrestris",2019-05-02,2019-05-15,2019,18
"HAR","Bombus_terrestris",2019-05-15,2019-05-29,2019,12
"HAR","Bombus_terrestris",2019-07-24,2019-08-07,2019,14
"HAR","Bombus_terrestris",2019-08-07,2019-08-21,2019,1
"HAR","Bombus_terrestris",2019-08-21,2019-09-05,2019,10
"HAR","Bombus_terrestris",2020-04-13,2020-04-27,2020,7
"HAR","Bombus_terrestris",2020-04-27,2020-05-11,2020,14
"HAR","Bombus_terrestris",2020-05-11,2020-05-25,2020,14
"HAR","Bombus_terrestris",2020-07-20,2020-08-03,2020,155
"HAR","Bombus_terrestris",2020-08-03,2020-08-17,2020,5
"HAR","Bombus_terrestris",2020-08-17,2020-08-31,2020,9
"SIP","Bombus_lapidarius",2010-05-26,2010-06-09,2010,1
"SIP","Bombus_lapidarius",2010-08-04,2010-08-18,2010,7
"SIP","Bombus_lapidarius",2010-08-18,2010-09-01,2010,15
"SIP","Bombus_lapidarius",2010-09-01,2010-09-15,2010,7
"SIP","Bombus_lapidarius",2011-05-04,2011-05-18,2011,1
"SIP","Bombus_lapidarius",2011-05-18,2011-06-01,2011,2
"SIP","Bombus_lapidarius",2011-06-01,2011-06-16,2011,10
"SIP","Bombus_lapidarius",2011-08-03,2011-08-17,2011,4
"SIP","Bombus_lapidarius",2011-08-17,2011-08-31,2011,13
"SIP","Bombus_lapidarius",2011-08-31,2011-09-14,2011,1
"SIP","Bombus_lapidarius",2012-05-04,2012-05-17,2012,2
"SIP","Bombus_lapidarius",2012-05-16,2012-05-31,2012,4
"SIP","Bombus_lapidarius",2012-05-31,2012-06-14,2012,15
"SIP","Bombus_lapidarius",2012-08-02,2012-08-16,2012,9
"SIP","Bombus_lapidarius",2012-08-16,2012-08-30,2012,7
"SIP","Bombus_lapidarius",2012-08-30,2012-09-13,2012,2
"SIP","Bombus_lapidarius",2013-05-02,2013-05-16,2013,1
"SIP","Bombus_lapidarius",2013-05-16,2013-06-03,2013,1
"SIP","Bombus_lapidarius",2013-06-03,2013-06-13,2013,1
"SIP","Bombus_lapidarius",2013-08-07,2013-08-21,2013,20
"SIP","Bombus_lapidarius",2013-08-21,2013-09-04,2013,3
"SIP","Bombus_lapidarius",2014-04-16,2014-05-02,2014,2
"SIP","Bombus_lapidarius",2014-05-14,2014-05-28,2014,4
"SIP","Bombus_lapidarius",2014-07-14,2014-07-30,2014,7
"SIP","Bombus_lapidarius",2015-04-21,2015-05-05,2015,1
"SIP","Bombus_lapidarius",2015-07-21,2015-08-04,2015,1
"SIP","Bombus_lapidarius",2015-08-04,2015-08-20,2015,1
"SIP","Bombus_lapidarius",2016-04-19,2016-05-03,2016,1
"SIP","Bombus_lapidarius",2016-05-03,2016-05-19,2016,1
"SIP","Bombus_lapidarius",2016-07-12,2016-07-26,2016,2
"SIP","Bombus_lapidarius",2016-07-26,2016-08-09,2016,4
"SIP","Bombus_lapidarius",2016-08-09,2016-08-23,2016,3
"SIP","Bombus_lapidarius",2017-05-03,2017-05-16,2017,1
"SIP","Bombus_lapidarius",2017-07-25,2017-08-08,2017,3
"SIP","Bombus_lapidarius",2017-08-08,2017-08-22,2017,1
"SIP","Bombus_lapidarius",2017-08-22,2017-09-05,2017,2
"SIP","Bombus_lapidarius",2018-04-17,2018-05-01,2018,1
"SIP","Bombus_lapidarius",2018-05-15,2018-05-29,2018,2
"SIP","Bombus_lapidarius",2018-08-02,2018-08-16,2018,1
"SIP","Bombus_lapidarius",2019-04-16,2019-04-30,2019,2
"SIP","Bombus_lapidarius",2019-04-30,2019-05-14,2019,2
"SIP","Bombus_lapidarius",2019-07-23,2019-08-06,2019,5
"SIP","Bombus_lapidarius",2019-08-06,2019-08-20,2019,1
"SIP","Bombus_lapidarius",2019-08-20,2019-09-04,2019,1
"SIP","Bombus_lapidarius",2020-04-15,2020-04-29,2020,1
"SIP","Bombus_lapidarius",2020-07-22,2020-08-05,2020,3
"SIP","Bombus_lapidarius",2020-08-05,2020-08-19,2020,3
"SIP","Bombus_lapidarius",2020-08-19,2020-09-02,2020,1
"SIP","Bombus_terrestris",2010-05-04,2010-05-26,2010,1
"SIP","Bombus_terrestris",2010-08-04,2010-08-18,2010,2
"SIP","Bombus_terrestris",2011-05-04,2011-05-18,2011,4
"SIP","Bombus_terrestris",2011-05-18,2011-06-01,2011,2
"SIP","Bombus_terrestris",2011-06-01,2011-06-16,2011,4
"SIP","Bombus_terrestris",2011-08-17,2011-08-31,2011,1
"SIP","Bombus_terrestris",2012-05-16,2012-05-31,2012,1
"SIP","Bombus_terrestris",2012-05-31,2012-06-14,2012,1
"SIP","Bombus_terrestris",2012-08-02,2012-08-16,2012,2
"SIP","Bombus_terrestris",2012-08-30,2012-09-13,2012,1
"SIP","Bombus_terrestris",2013-05-02,2013-05-16,2013,2
"SIP","Bombus_terrestris",2013-05-16,2013-06-03,2013,1
"SIP","Bombus_terrestris",2013-06-03,2013-06-13,2013,2
"SIP","Bombus_terrestris",2013-08-07,2013-08-21,2013,20
"SIP","Bombus_terrestris",2013-08-21,2013-09-04,2013,4
"SIP","Bombus_terrestris",2013-09-04,2013-09-18,2013,2
"SIP","Bombus_terrestris",2014-05-02,2014-05-14,2014,2
"SIP","Bombus_terrestris",2014-05-14,2014-05-28,2014,7
"SIP","Bombus_terrestris",2014-07-14,2014-07-30,2014,13
"SIP","Bombus_terrestris",2014-07-30,2014-08-12,2014,4
"SIP","Bombus_terrestris",2014-08-12,2014-08-27,2014,2
"SIP","Bombus_terrestris",2015-04-21,2015-05-05,2015,2
"SIP","Bombus_terrestris",2015-05-19,2015-06-03,2015,7
"SIP","Bombus_terrestris",2015-07-21,2015-08-04,2015,4
"SIP","Bombus_terrestris",2015-08-04,2015-08-20,2015,4
"SIP","Bombus_terrestris",2016-04-19,2016-05-03,2016,9
"SIP","Bombus_terrestris",2016-05-03,2016-05-19,2016,1
"SIP","Bombus_terrestris",2016-05-19,2016-05-31,2016,1
"SIP","Bombus_terrestris",2016-07-12,2016-07-26,2016,13
"SIP","Bombus_terrestris",2016-07-26,2016-08-09,2016,12
"SIP","Bombus_terrestris",2017-04-19,2017-05-03,2017,3
"SIP","Bombus_terrestris",2017-05-03,2017-05-16,2017,10
"SIP","Bombus_terrestris",2017-05-16,2017-05-30,2017,4
"SIP","Bombus_terrestris",2017-05-30,2017-06-13,2017,1
"SIP","Bombus_terrestris",2017-07-25,2017-08-08,2017,5
"SIP","Bombus_terrestris",2017-08-08,2017-08-22,2017,6
"SIP","Bombus_terrestris",2017-08-22,2017-09-05,2017,2
"SIP","Bombus_terrestris",2018-04-17,2018-05-01,2018,3
"SIP","Bombus_terrestris",2018-05-01,2018-05-15,2018,1
"SIP","Bombus_terrestris",2018-05-15,2018-05-29,2018,5
"SIP","Bombus_terrestris",2018-08-02,2018-08-16,2018,2
"SIP","Bombus_terrestris",2018-08-16,2018-08-30,2018,1
"SIP","Bombus_terrestris",2018-08-30,2018-09-13,2018,2
"SIP","Bombus_terrestris",2019-04-16,2019-04-30,2019,2
"SIP","Bombus_terrestris",2019-04-30,2019-05-14,2019,10
"SIP","Bombus_terrestris",2019-05-14,2019-05-29,2019,4
"SIP","Bombus_terrestris",2019-07-23,2019-08-06,2019,6
"SIP","Bombus_terrestris",2019-08-06,2019-08-20,2019,2
"SIP","Bombus_terrestris",2020-04-15,2020-04-29,2020,1
"SIP","Bombus_terrestris",2020-05-13,2020-05-27,2020,2
"SIP","Bombus_terrestris",2020-07-22,2020-08-05,2020,1
"SIP","Bombus_terrestris",2020-08-05,2020-08-19,2020,2
"SIP","Bombus_terrestris",2020-08-19,2020-09-02,2020,2
"SST","Bombus_lapidarius",2010-05-02,2010-05-17,2010,2
"SST","Bombus_lapidarius",2010-05-24,2010-06-07,2010,1
"SST","Bombus_lapidarius",2010-08-02,2010-08-16,2010,4
"SST","Bombus_lapidarius",2010-08-16,2010-08-30,2010,12
"SST","Bombus_lapidarius",2010-08-30,2010-09-13,2010,3
"SST","Bombus_lapidarius",2011-05-02,2011-05-16,2011,2
"SST","Bombus_lapidarius",2011-05-16,2011-05-30,2011,6
"SST","Bombus_lapidarius",2011-05-30,2011-06-14,2011,8
"SST","Bombus_lapidarius",2011-08-01,2011-08-15,2011,5
"SST","Bombus_lapidarius",2011-08-15,2011-08-29,2011,3
"SST","Bombus_lapidarius",2011-08-29,2011-09-12,2011,1
"SST","Bombus_lapidarius",2012-05-02,2012-05-15,2012,1
"SST","Bombus_lapidarius",2012-05-14,2012-05-29,2012,3
"SST","Bombus_lapidarius",2012-05-29,2012-06-12,2012,8
"SST","Bombus_lapidarius",2013-05-29,2013-06-10,2013,4
"SST","Bombus_lapidarius",2013-08-05,2013-08-19,2013,8
"SST","Bombus_lapidarius",2014-04-28,2014-05-12,2014,8
"SST","Bombus_lapidarius",2014-05-12,2014-05-26,2014,4
"SST","Bombus_lapidarius",2014-07-14,2014-07-28,2014,5
"SST","Bombus_lapidarius",2014-07-28,2014-08-13,2014,5
"SST","Bombus_lapidarius",2014-08-13,2014-08-26,2014,1
"SST","Bombus_lapidarius",2015-05-18,2015-06-01,2015,2
"SST","Bombus_lapidarius",2015-07-23,2015-08-03,2015,7
"SST","Bombus_lapidarius",2015-08-03,2015-08-17,2015,3
"SST","Bombus_lapidarius",2015-08-17,2015-09-02,2015,3
"SST","Bombus_lapidarius",2016-04-20,2016-05-04,2016,1
"SST","Bombus_lapidarius",2016-05-18,2016-06-01,2016,3
"SST","Bombus_lapidarius",2016-07-13,2016-07-27,2016,10
"SST","Bombus_lapidarius",2016-07-27,2016-08-10,2016,11
"SST","Bombus_lapidarius",2016-08-10,2016-08-24,2016,9
"SST","Bombus_lapidarius",2017-04-20,2017-05-04,2017,4
"SST","Bombus_lapidarius",2017-05-04,2017-05-17,2017,1
"SST","Bombus_lapidarius",2017-05-17,2017-05-31,2017,1
"SST","Bombus_lapidarius",2017-07-26,2017-08-09,2017,8
"SST","Bombus_lapidarius",2017-08-09,2017-08-23,2017,14
"SST","Bombus_lapidarius",2017-08-23,2017-09-06,2017,12
"SST","Bombus_lapidarius",2018-04-18,2018-05-02,2018,2
"SST","Bombus_lapidarius",2018-05-02,2018-05-16,2018,2
"SST","Bombus_lapidarius",2018-05-16,2018-05-30,2018,4
"SST","Bombus_lapidarius",2018-08-01,2018-08-15,2018,2
"SST","Bombus_lapidarius",2019-04-15,2019-04-29,2019,3
"SST","Bombus_lapidarius",2019-04-29,2019-05-13,2019,1
"SST","Bombus_lapidarius",2019-05-13,2019-05-27,2019,1
"SST","Bombus_lapidarius",2019-07-22,2019-08-05,2019,4
"SST","Bombus_lapidarius",2019-08-05,2019-08-19,2019,4
"SST","Bombus_lapidarius",2020-04-14,2020-04-28,2020,2
"SST","Bombus_lapidarius",2020-04-28,2020-05-12,2020,1
"SST","Bombus_lapidarius",2020-07-21,2020-08-04,2020,9
"SST","Bombus_lapidarius",2020-08-04,2020-08-18,2020,1
"SST","Bombus_lapidarius",2020-08-18,2020-09-01,2020,6
"SST","Bombus_terrestris",2010-05-02,2010-05-17,2010,5
"SST","Bombus_terrestris",2010-05-17,2010-05-24,2010,6
"SST","Bombus_terrestris",2010-05-24,2010-06-07,2010,2
"SST","Bombus_terrestris",2010-08-02,2010-08-16,2010,4
"SST","Bombus_terrestris",2010-08-16,2010-08-30,2010,1
"SST","Bombus_terrestris",2010-08-30,2010-09-13,2010,2
"SST","Bombus_terrestris",2011-05-02,2011-05-16,2011,3
"SST","Bombus_terrestris",2011-05-16,2011-05-30,2011,9
"SST","Bombus_terrestris",2011-05-30,2011-06-14,2011,24
"SST","Bombus_terrestris",2012-05-02,2012-05-15,2012,5
"SST","Bombus_terrestris",2012-05-14,2012-05-29,2012,13
"SST","Bombus_terrestris",2012-05-29,2012-06-12,2012,29
"SST","Bombus_terrestris",2012-07-31,2012-08-14,2012,16
"SST","Bombus_terrestris",2012-08-14,2012-08-28,2012,5
"SST","Bombus_terrestris",2012-08-28,2012-09-11,2012,4
"SST","Bombus_terrestris",2013-04-29,2013-05-13,2013,2
"SST","Bombus_terrestris",2013-05-13,2013-05-29,2013,5
"SST","Bombus_terrestris",2013-05-29,2013-06-10,2013,16
"SST","Bombus_terrestris",2013-08-05,2013-08-19,2013,15
"SST","Bombus_terrestris",2013-08-19,2013-09-02,2013,2
"SST","Bombus_terrestris",2013-09-02,2013-09-16,2013,3
"SST","Bombus_terrestris",2014-04-14,2014-04-28,2014,4
"SST","Bombus_terrestris",2014-04-28,2014-05-12,2014,19
"SST","Bombus_terrestris",2014-05-12,2014-05-26,2014,11
"SST","Bombus_terrestris",2014-07-14,2014-07-28,2014,11
"SST","Bombus_terrestris",2014-07-28,2014-08-13,2014,3
"SST","Bombus_terrestris",2014-08-13,2014-08-26,2014,1
"SST","Bombus_terrestris",2015-04-20,2015-05-04,2015,2
"SST","Bombus_terrestris",2015-05-04,2015-05-18,2015,1
"SST","Bombus_terrestris",2015-05-18,2015-06-01,2015,3
"SST","Bombus_terrestris",2015-07-23,2015-08-03,2015,8
"SST","Bombus_terrestris",2015-08-03,2015-08-17,2015,10
"SST","Bombus_terrestris",2015-08-17,2015-09-02,2015,8
"SST","Bombus_terrestris",2016-04-20,2016-05-04,2016,3
"SST","Bombus_terrestris",2016-05-04,2016-05-18,2016,5
"SST","Bombus_terrestris",2016-05-18,2016-06-01,2016,8
"SST","Bombus_terrestris",2016-07-13,2016-07-27,2016,32
"SST","Bombus_terrestris",2016-07-27,2016-08-10,2016,20
"SST","Bombus_terrestris",2016-08-10,2016-08-24,2016,11
"SST","Bombus_terrestris",2017-04-20,2017-05-04,2017,19
"SST","Bombus_terrestris",2017-05-04,2017-05-17,2017,12
"SST","Bombus_terrestris",2017-05-17,2017-05-31,2017,14
"SST","Bombus_terrestris",2017-07-26,2017-08-09,2017,8
"SST","Bombus_terrestris",2017-08-09,2017-08-23,2017,4
"SST","Bombus_terrestris",2017-08-23,2017-09-06,2017,1
"SST","Bombus_terrestris",2018-04-18,2018-05-02,2018,2
"SST","Bombus_terrestris",2018-05-02,2018-05-16,2018,3
"SST","Bombus_terrestris",2018-05-16,2018-05-30,2018,12
"SST","Bombus_terrestris",2018-08-01,2018-08-15,2018,1
"SST","Bombus_terrestris",2018-08-15,2018-08-29,2018,1
"SST","Bombus_terrestris",2018-08-29,2018-09-12,2018,1
"SST","Bombus_terrestris",2019-04-15,2019-04-29,2019,4
"SST","Bombus_terrestris",2019-04-29,2019-05-13,2019,10
"SST","Bombus_terrestris",2019-05-13,2019-05-27,2019,6
"SST","Bombus_terrestris",2019-07-22,2019-08-05,2019,9
"SST","Bombus_terrestris",2019-08-05,2019-08-19,2019,1
"SST","Bombus_terrestris",2020-04-14,2020-04-28,2020,3
"SST","Bombus_terrestris",2020-04-28,2020-05-12,2020,11
"SST","Bombus_terrestris",2020-05-12,2020-05-26,2020,13
"SST","Bombus_terrestris",2020-07-21,2020-08-04,2020,12
"SST","Bombus_terrestris",2020-08-04,2020-08-18,2020,2
"SST","Bombus_terrestris",2020-08-18,2020-09-01,2020,13
"WAN","Bombus_lapidarius",2010-05-03,2010-05-25,2010,1
"WAN","Bombus_lapidarius",2010-05-25,2010-06-08,2010,2
"WAN","Bombus_lapidarius",2010-08-03,2010-08-17,2010,5
"WAN","Bombus_lapidarius",2010-08-17,2010-08-31,2010,7
"WAN","Bombus_lapidarius",2010-08-31,2010-09-14,2010,2
"WAN","Bombus_lapidarius",2011-05-03,2011-05-17,2011,1
"WAN","Bombus_lapidarius",2011-05-17,2011-05-31,2011,5
"WAN","Bombus_lapidarius",2011-05-31,2011-06-15,2011,7
"WAN","Bombus_lapidarius",2011-08-02,2011-08-16,2011,9
"WAN","Bombus_lapidarius",2011-08-16,2011-08-30,2011,3
"WAN","Bombus_lapidarius",2011-08-30,2011-09-13,2011,1
"WAN","Bombus_lapidarius",2012-05-03,2012-05-16,2012,4
"WAN","Bombus_lapidarius",2012-05-15,2012-05-30,2012,1
"WAN","Bombus_lapidarius",2012-05-30,2012-06-13,2012,12
"WAN","Bombus_lapidarius",2013-05-14,2013-05-28,2013,1
"WAN","Bombus_lapidarius",2013-05-28,2013-06-11,2013,1
"WAN","Bombus_lapidarius",2013-08-06,2013-08-20,2013,10
"WAN","Bombus_lapidarius",2013-08-20,2013-09-03,2013,2
"WAN","Bombus_lapidarius",2014-04-29,2014-05-13,2014,1
"WAN","Bombus_lapidarius",2014-05-13,2014-05-27,2014,4
"WAN","Bombus_lapidarius",2014-07-15,2014-07-29,2014,2
"WAN","Bombus_lapidarius",2014-07-29,2014-08-14,2014,1
"WAN","Bombus_lapidarius",2014-08-14,2014-08-25,2014,3
"WAN","Bombus_lapidarius",2015-07-22,2015-08-05,2015,3
"WAN","Bombus_lapidarius",2016-04-18,2016-05-02,2016,2
"WAN","Bombus_lapidarius",2016-05-02,2016-05-17,2016,1
"WAN","Bombus_lapidarius",2016-05-17,2016-05-30,2016,2
"WAN","Bombus_lapidarius",2016-07-11,2016-07-25,2016,5
"WAN","Bombus_lapidarius",2016-07-25,2016-08-08,2016,1
"WAN","Bombus_lapidarius",2016-08-08,2016-08-22,2016,1
"WAN","Bombus_lapidarius",2017-05-02,2017-05-15,2017,6
"WAN","Bombus_lapidarius",2017-05-15,2017-05-29,2017,1
"WAN","Bombus_lapidarius",2017-07-24,2017-08-07,2017,1
"WAN","Bombus_lapidarius",2017-08-07,2017-08-21,2017,3
"WAN","Bombus_lapidarius",2018-05-14,2018-05-28,2018,1
"WAN","Bombus_lapidarius",2018-07-30,2018-08-13,2018,3
"WAN","Bombus_lapidarius",2019-05-02,2019-05-15,2019,5
"WAN","Bombus_lapidarius",2019-05-15,2019-05-29,2019,2
"WAN","Bombus_lapidarius",2019-07-24,2019-08-07,2019,2
"WAN","Bombus_lapidarius",2019-08-07,2019-08-21,2019,2
"WAN","Bombus_lapidarius",2020-07-20,2020-08-03,2020,2
"WAN","Bombus_lapidarius",2020-08-17,2020-08-31,2020,2
"WAN","Bombus_terrestris",2010-05-03,2010-05-25,2010,10
"WAN","Bombus_terrestris",2010-05-25,2010-06-08,2010,13
"WAN","Bombus_terrestris",2010-08-03,2010-08-17,2010,16
"WAN","Bombus_terrestris",2010-08-17,2010-08-31,2010,8
"WAN","Bombus_terrestris",2010-08-31,2010-09-14,2010,7
"WAN","Bombus_terrestris",2011-05-03,2011-05-17,2011,5
"WAN","Bombus_terrestris",2011-05-17,2011-05-31,2011,4
"WAN","Bombus_terrestris",2011-05-31,2011-06-15,2011,13
"WAN","Bombus_terrestris",2011-08-02,2011-08-16,2011,4
"WAN","Bombus_terrestris",2011-08-16,2011-08-30,2011,7
"WAN","Bombus_terrestris",2011-08-30,2011-09-13,2011,3
"WAN","Bombus_terrestris",2012-05-03,2012-05-16,2012,6
"WAN","Bombus_terrestris",2012-05-15,2012-05-30,2012,6
"WAN","Bombus_terrestris",2012-05-30,2012-06-13,2012,12
"WAN","Bombus_terrestris",2012-08-01,2012-08-15,2012,3
"WAN","Bombus_terrestris",2012-08-15,2012-08-29,2012,2
"WAN","Bombus_terrestris",2013-04-30,2013-05-14,2013,1
"WAN","Bombus_terrestris",2013-05-14,2013-05-28,2013,3
"WAN","Bombus_terrestris",2013-05-28,2013-06-11,2013,12
"WAN","Bombus_terrestris",2013-08-06,2013-08-20,2013,47
"WAN","Bombus_terrestris",2013-08-20,2013-09-03,2013,11
"WAN","Bombus_terrestris",2013-09-03,2013-09-17,2013,1
"WAN","Bombus_terrestris",2014-04-15,2014-04-29,2014,7
"WAN","Bombus_terrestris",2014-04-29,2014-05-13,2014,8
"WAN","Bombus_terrestris",2014-05-13,2014-05-27,2014,12
"WAN","Bombus_terrestris",2014-07-15,2014-07-29,2014,16
"WAN","Bombus_terrestris",2014-07-29,2014-08-14,2014,10
"WAN","Bombus_terrestris",2014-08-14,2014-08-25,2014,6
"WAN","Bombus_terrestris",2015-05-06,2015-05-20,2015,6
"WAN","Bombus_terrestris",2015-05-20,2015-06-02,2015,3
"WAN","Bombus_terrestris",2015-07-22,2015-08-05,2015,63
"WAN","Bombus_terrestris",2015-08-05,2015-08-18,2015,8
"WAN","Bombus_terrestris",2015-08-18,2015-08-31,2015,2
"WAN","Bombus_terrestris",2016-04-18,2016-05-02,2016,8
"WAN","Bombus_terrestris",2016-05-02,2016-05-17,2016,15
"WAN","Bombus_terrestris",2016-05-17,2016-05-30,2016,6
"WAN","Bombus_terrestris",2016-07-11,2016-07-25,2016,40
"WAN","Bombus_terrestris",2016-07-25,2016-08-08,2016,16
"WAN","Bombus_terrestris",2016-08-08,2016-08-22,2016,16
"WAN","Bombus_terrestris",2017-04-18,2017-05-02,2017,17
"WAN","Bombus_terrestris",2017-05-02,2017-05-15,2017,20
"WAN","Bombus_terrestris",2017-05-15,2017-05-29,2017,24
"WAN","Bombus_terrestris",2017-07-24,2017-08-07,2017,7
"WAN","Bombus_terrestris",2017-08-07,2017-08-21,2017,2
"WAN","Bombus_terrestris",2017-08-21,2017-09-04,2017,5
"WAN","Bombus_terrestris",2018-04-16,2018-04-30,2018,1
"WAN","Bombus_terrestris",2018-04-30,2018-05-14,2018,2
"WAN","Bombus_terrestris",2018-05-14,2018-05-28,2018,7
"WAN","Bombus_terrestris",2018-07-30,2018-08-13,2018,5
"WAN","Bombus_terrestris",2018-08-13,2018-08-27,2018,2
"WAN","Bombus_terrestris",2018-08-27,2018-09-10,2018,4
"WAN","Bombus_terrestris",2019-04-17,2019-05-02,2019,14
"WAN","Bombus_terrestris",2019-05-02,2019-05-15,2019,31
"WAN","Bombus_terrestris",2019-05-15,2019-05-29,2019,33
"WAN","Bombus_terrestris",2019-07-24,2019-08-07,2019,10
"WAN","Bombus_terrestris",2019-08-07,2019-08-21,2019,4
"WAN","Bombus_terrestris",2019-08-21,2019-09-05,2019,4
"WAN","Bombus_terrestris",2020-04-27,2020-05-11,2020,14
"WAN","Bombus_terrestris",2020-05-11,2020-05-25,2020,10
"WAN","Bombus_terrestris",2020-07-20,2020-08-03,2020,24
"WAN","Bombus_terrestris",2020-08-03,2020-08-17,2020,4
"WAN","Bombus_terrestris",2020-08-17,2020-08-31,2020,6
