1,1,20190627,100600,74,1,1290,931,1334,972,Jun24_1/01-20190627100600-snapshot.jpg
1,1,20190627,101400,75,4,312,818,363,884,Jun24_1/01-20190627101400-snapshot.jpg
1,1,20190627,105500,82,2,723,473,795,525,Jun24_1/01-20190627105500-snapshot.jpg
1,1,20190627,111400,71,5,880,407,923,459,Jun24_1/01-20190627111400-snapshot.jpg
1,1,20190627,111430,47,6,1474,686,1526,746,Jun24_1/01-20190627111430-snapshot.jpg
1,1,20190627,112300,71,1,738,230,777,265,Jun24_1/01-20190627112300-snapshot.jpg
1,1,20190627,112400,84,1,184,999,225,1036,Jun24_1/01-20190627112400-snapshot.jpg
1,1,20190627,114700,55,5,1823,529,1879,581,Jun24_1/01-20190627114700-snapshot.jpg
1,1,20190627,115200,84,3,192,738,273,791,Jun24_1/01-20190627115200-snapshot.jpg
1,1,20190627,115230,28,4,243,724,306,778,Jun24_1/01-20190627115230-snapshot.jpg
1,1,20190627,115230,72,3,243,724,307,778,Jun24_1/01-20190627115230-snapshot.jpg
1,1,20190627,120030,86,1,1011,84,1057,126,Jun24_1/01-20190627120030-snapshot.jpg
1,1,20190627,120530,49,2,1235,844,1309,893,Jun24_1/01-20190627120530-snapshot.jpg
1,1,20190627,121600,71,4,221,703,271,749,Jun24_1/01-20190627121600-snapshot.jpg
1,1,20190627,121630,82,4,538,304,616,358,Jun24_1/01-20190627121630-snapshot.jpg
1,1,20190627,122000,48,6,554,0,605,60,Jun24_1/01-20190627122000-snapshot.jpg
1,1,20190627,122500,74,2,516,780,589,841,Jun24_1/01-20190627122500-snapshot.jpg
1,1,20190627,122830,88,2,676,203,731,294,Jun24_1/01-20190627122830-snapshot.jpg
1,1,20190627,123830,42,2,1801,749,1876,797,Jun24_1/01-20190627123830-snapshot.jpg
1,1,20190627,125330,74,2,677,166,734,230,Jun24_1/01-20190627125330-snapshot.jpg
1,1,20190627,125400,82,1,1742,141,1786,177,Jun24_1/01-20190627125400-snapshot.jpg
1,1,20190627,125500,69,1,1590,764,1625,789,Jun24_1/01-20190627125500-snapshot.jpg
1,1,20190627,130700,82,2,560,451,621,509,Jun24_1/01-20190627130700-snapshot.jpg
1,1,20190627,131130,38,1,608,286,642,316,Jun24_1/01-20190627131130-snapshot.jpg
1,1,20190627,131200,81,1,35,166,77,196,Jun24_1/01-20190627131200-snapshot.jpg
1,1,20190627,131300,84,3,359,781,445,827,Jun24_1/01-20190627131300-snapshot.jpg
1,1,20190627,131400,66,2,480,919,554,968,Jun24_1/01-20190627131400-snapshot.jpg
1,1,20190627,132230,65,2,1254,76,1333,125,Jun24_1/01-20190627132230-snapshot.jpg
1,1,20190627,132700,58,1,39,549,80,586,Jun24_1/01-20190627132700-snapshot.jpg
1,1,20190627,132730,78,2,789,568,844,636,Jun24_1/01-20190627132730-snapshot.jpg
1,1,20190627,132800,84,2,311,400,369,475,Jun24_1/01-20190627132800-snapshot.jpg
1,1,20190627,133000,83,2,834,516,890,588,Jun24_1/01-20190627133000-snapshot.jpg
1,1,20190627,133600,31,2,1299,821,1367,889,Jun24_1/01-20190627133600-snapshot.jpg
1,1,20190627,133900,82,2,348,754,415,816,Jun24_1/01-20190627133900-snapshot.jpg
1,1,20190627,134330,88,3,840,390,929,468,Jun24_1/01-20190627134330-snapshot.jpg
1,1,20190627,135300,68,1,1222,73,1258,101,Jun24_1/01-20190627135300-snapshot.jpg
1,1,20190627,135300,74,1,1442,757,1478,789,Jun24_1/01-20190627135300-snapshot.jpg
1,1,20190627,135600,77,2,783,512,854,563,Jun24_1/01-20190627135600-snapshot.jpg
1,1,20190627,140530,84,4,97,6,173,70,Jun24_1/01-20190627140530-snapshot.jpg
1,1,20190627,140800,80,2,1281,289,1335,353,Jun24_1/01-20190627140800-snapshot.jpg
1,1,20190627,141500,62,2,626,692,701,753,Jun24_1/01-20190627141500-snapshot.jpg
1,1,20190627,141830,79,2,533,907,590,967,Jun24_1/01-20190627141830-snapshot.jpg
1,1,20190627,142430,58,2,1142,515,1207,566,Jun24_1/01-20190627142430-snapshot.jpg
1,1,20190627,143330,29,2,548,449,609,503,Jun24_1/01-20190627143330-snapshot.jpg
1,1,20190627,143400,58,2,603,468,658,537,Jun24_1/01-20190627143400-snapshot.jpg
1,1,20190627,143400,83,2,477,494,529,566,Jun24_1/01-20190627143400-snapshot.jpg
1,1,20190627,144430,74,1,54,614,90,645,Jun24_1/01-20190627144430-snapshot.jpg
1,1,20190627,144500,77,1,198,410,239,442,Jun24_1/01-20190627144500-snapshot.jpg
1,1,20190627,144700,85,1,1254,393,1296,431,Jun24_1/01-20190627144700-snapshot.jpg
1,1,20190627,144730,79,1,1022,655,1063,692,Jun24_1/01-20190627144730-snapshot.jpg
1,1,20190627,144730,83,1,811,837,855,875,Jun24_1/01-20190627144730-snapshot.jpg
1,1,20190627,144800,84,1,1242,657,1282,693,Jun24_1/01-20190627144800-snapshot.jpg
1,1,20190627,144900,87,1,1376,292,1418,324,Jun24_1/01-20190627144900-snapshot.jpg
1,1,20190627,150130,77,1,380,644,422,683,Jun24_1/01-20190627150130-snapshot.jpg
1,1,20190627,150900,39,2,429,306,484,363,Jun24_1/01-20190627150900-snapshot.jpg
1,1,20190627,150930,80,2,893,912,1006,1016,Jun24_1/01-20190627150930-snapshot.jpg
1,1,20190627,151100,70,2,1687,695,1742,775,Jun24_1/01-20190627151100-snapshot.jpg
1,1,20190627,151630,81,1,358,914,398,953,Jun24_1/01-20190627151630-snapshot.jpg
1,1,20190627,151730,79,1,250,499,292,536,Jun24_1/01-20190627151730-snapshot.jpg
1,1,20190627,152230,85,1,188,501,230,549,Jun24_1/01-20190627152230-snapshot.jpg
1,1,20190627,152530,82,2,837,842,942,904,Jun24_1/01-20190627152530-snapshot.jpg
1,1,20190627,154430,82,1,823,229,863,272,Jun24_1/01-20190627154430-snapshot.jpg
1,1,20190627,154600,80,1,514,329,553,360,Jun24_1/01-20190627154600-snapshot.jpg
1,1,20190627,154730,83,1,724,247,763,292,Jun24_1/01-20190627154730-snapshot.jpg
1,1,20190627,154800,74,1,214,481,251,517,Jun24_1/01-20190627154800-snapshot.jpg
1,1,20190627,155000,55,2,1126,488,1182,575,Jun24_1/01-20190627155000-snapshot.jpg
1,1,20190627,160300,80,1,1465,1048,1515,1080,Jun24_1/01-20190627160300-snapshot.jpg
1,1,20190627,161430,85,1,945,782,991,837,Jun24_1/01-20190627161430-snapshot.jpg
1,1,20190627,163500,79,1,514,488,562,538,Jun24_1/01-20190627163500-snapshot.jpg
1,1,20190627,171400,72,2,848,712,932,793,Jun24_1/01-20190627171400-snapshot.jpg
1,1,20190627,171530,84,2,742,607,800,751,Jun24_1/01-20190627171530-snapshot.jpg
1,1,20190627,182230,81,1,1244,695,1291,765,Jun24_1/01-20190627182230-snapshot.jpg
1,1,20190627,184330,49,1,107,284,148,321,Jun24_1/01-20190627184330-snapshot.jpg
1,1,20190627,184400,33,1,105,284,147,320,Jun24_1/01-20190627184400-snapshot.jpg
1,1,20190627,191130,79,1,1362,949,1409,999,Jun24_1/01-20190627191130-snapshot.jpg
1,1,20190627,191230,52,1,852,934,899,978,Jun24_1/01-20190627191230-snapshot.jpg
1,1,20190627,192900,85,1,1256,22,1313,97,Jun24_1/01-20190627192900-snapshot.jpg
1,1,20190627,192930,86,1,1340,115,1385,152,Jun24_1/01-20190627192930-snapshot.jpg
1,1,20190627,193000,83,1,1868,403,1916,457,Jun24_1/01-20190627193000-snapshot.jpg
1,1,20190627,193030,82,1,1409,629,1456,681,Jun24_1/01-20190627193030-snapshot.jpg
1,1,20190627,193130,82,1,778,799,824,849,Jun24_1/01-20190627193130-snapshot.jpg
1,1,20190627,194100,53,1,1772,34,1822,92,Jun24_1/01-20190627194100-snapshot.jpg
1,1,20190627,194230,81,1,1669,1008,1718,1055,Jun24_1/01-20190627194230-snapshot.jpg
1,1,20190627,203230,78,1,1688,514,1739,564,Jun24_1/01-20190627203230-snapshot.jpg
1,1,20190628,034430,83,1,1301,556,1339,585,Jun24_1/05-20190628034430-snapshot.jpg
1,1,20190628,034900,81,1,905,647,943,688,Jun24_1/05-20190628034900-snapshot.jpg
1,1,20190628,035200,54,1,492,544,537,586,Jun24_1/05-20190628035200-snapshot.jpg
1,1,20190628,035430,86,1,596,0,659,68,Jun24_1/05-20190628035430-snapshot.jpg
1,1,20190628,053700,83,1,849,806,905,880,Jun24_1/05-20190628053700-snapshot.jpg
1,1,20190628,060930,75,1,1547,11,1601,72,Jun24_1/05-20190628060930-snapshot.jpg
1,1,20190628,061030,82,1,560,153,604,203,Jun24_1/05-20190628061030-snapshot.jpg
1,1,20190628,101100,85,1,85,154,136,206,Jun24_1/05-20190628101100-snapshot.jpg
1,1,20190628,103330,82,1,1029,892,1074,942,Jun24_1/05-20190628103330-snapshot.jpg
1,1,20190628,104200,81,1,1024,894,1069,939,Jun24_1/05-20190628104200-snapshot.jpg
1,1,20190628,104430,79,1,1627,843,1681,899,Jun24_1/05-20190628104430-snapshot.jpg
1,1,20190628,104530,80,2,659,583,736,725,Jun24_1/05-20190628104530-snapshot.jpg
1,1,20190628,105930,83,1,950,947,1003,1008,Jun24_1/05-20190628105930-snapshot.jpg
1,1,20190628,110600,84,1,1157,957,1203,1012,Jun24_1/05-20190628110600-snapshot.jpg
1,1,20190628,110630,83,1,927,710,976,775,Jun24_1/05-20190628110630-snapshot.jpg
1,1,20190628,110730,70,1,657,1035,714,1080,Jun24_1/05-20190628110730-snapshot.jpg
1,1,20190628,111300,75,1,851,639,894,678,Jun24_1/05-20190628111300-snapshot.jpg
1,1,20190628,111400,84,1,757,98,804,144,Jun24_1/05-20190628111400-snapshot.jpg
1,1,20190628,111430,84,1,717,675,767,721,Jun24_1/05-20190628111430-snapshot.jpg
1,1,20190628,111930,78,1,1021,588,1067,637,Jun24_1/05-20190628111930-snapshot.jpg
1,1,20190628,112000,74,1,1022,588,1067,637,Jun24_1/05-20190628112000-snapshot.jpg
1,1,20190628,112030,80,1,1022,591,1066,639,Jun24_1/05-20190628112030-snapshot.jpg
1,1,20190628,112130,82,1,865,654,908,691,Jun24_1/05-20190628112130-snapshot.jpg
1,1,20190628,112200,82,1,540,555,589,605,Jun24_1/05-20190628112200-snapshot.jpg
1,1,20190628,114400,85,1,813,44,863,95,Jun24_1/05-20190628114400-snapshot.jpg
1,1,20190628,115400,78,2,768,710,842,850,Jun24_1/05-20190628115400-snapshot.jpg
1,1,20190628,120200,81,1,547,550,593,598,Jun24_1/05-20190628120200-snapshot.jpg
1,1,20190628,120230,77,1,480,381,524,425,Jun24_1/05-20190628120230-snapshot.jpg
1,1,20190628,121430,27,4,1313,916,1426,1008,Jun24_1/05-20190628121430-snapshot.jpg
1,1,20190628,121530,86,4,1163,940,1263,1057,Jun24_1/05-20190628121530-snapshot.jpg
1,1,20190628,121630,82,1,623,107,669,155,Jun24_1/05-20190628121630-snapshot.jpg
1,1,20190628,121900,82,1,379,632,421,677,Jun24_1/05-20190628121900-snapshot.jpg
1,1,20190628,121930,84,1,1208,200,1250,248,Jun24_1/05-20190628121930-snapshot.jpg
1,1,20190628,123700,82,1,322,510,369,572,Jun24_1/05-20190628123700-snapshot.jpg
1,1,20190628,123730,82,1,568,374,616,439,Jun24_1/05-20190628123730-snapshot.jpg
1,1,20190628,123930,82,1,836,616,876,653,Jun24_1/05-20190628123930-snapshot.jpg
1,1,20190628,130130,70,1,0,907,22,966,Jun24_1/05-20190628130130-snapshot.jpg
1,1,20190628,131500,84,2,820,835,926,908,Jun24_1/05-20190628131500-snapshot.jpg
1,1,20190628,133700,32,2,0,727,62,819,Jun24_1/05-20190628133700-snapshot.jpg
1,1,20190628,134230,84,1,39,503,85,553,Jun24_1/05-20190628134230-snapshot.jpg
1,1,20190628,134630,81,1,679,631,724,671,Jun24_1/05-20190628134630-snapshot.jpg
1,1,20190628,134630,83,1,1837,325,1887,389,Jun24_1/05-20190628134630-snapshot.jpg
1,1,20190628,135300,79,1,260,625,299,662,Jun24_1/05-20190628135300-snapshot.jpg
1,1,20190628,135500,79,1,687,283,726,320,Jun24_1/05-20190628135500-snapshot.jpg
1,1,20190628,135600,83,1,586,747,632,796,Jun24_1/05-20190628135600-snapshot.jpg
1,1,20190628,135730,61,1,997,803,1039,848,Jun24_1/05-20190628135730-snapshot.jpg
1,1,20190628,135800,79,1,1022,624,1062,670,Jun24_1/05-20190628135800-snapshot.jpg
1,1,20190628,140130,80,2,1147,737,1263,823,Jun24_1/05-20190628140130-snapshot.jpg
1,1,20190628,140500,83,1,1157,375,1207,427,Jun24_1/05-20190628140500-snapshot.jpg
1,1,20190628,141030,84,1,1062,912,1106,961,Jun24_1/05-20190628141030-snapshot.jpg
1,1,20190628,141630,72,2,1464,408,1550,478,Jun24_1/05-20190628141630-snapshot.jpg
1,1,20190628,141700,86,2,780,709,854,834,Jun24_1/05-20190628141700-snapshot.jpg
1,1,20190628,142000,84,1,1067,58,1114,106,Jun24_1/05-20190628142000-snapshot.jpg
1,1,20190628,142130,81,1,995,1003,1044,1057,Jun24_1/05-20190628142130-snapshot.jpg
1,1,20190628,143330,75,2,1672,585,1728,683,Jun24_1/05-20190628143330-snapshot.jpg
1,1,20190628,145130,77,2,1593,508,1690,569,Jun24_1/05-20190628145130-snapshot.jpg
1,1,20190628,145630,70,2,594,601,697,676,Jun24_1/05-20190628145630-snapshot.jpg
1,1,20190628,150230,82,1,1683,160,1730,214,Jun24_1/05-20190628150230-snapshot.jpg
1,1,20190628,150830,76,1,1341,766,1378,806,Jun24_1/05-20190628150830-snapshot.jpg
1,1,20190628,150900,81,1,466,466,510,510,Jun24_1/05-20190628150900-snapshot.jpg
1,1,20190628,151500,30,2,210,186,296,277,Jun24_1/05-20190628151500-snapshot.jpg
1,1,20190628,151530,77,2,962,666,1023,783,Jun24_1/05-20190628151530-snapshot.jpg
1,1,20190628,153100,82,1,48,497,89,542,Jun24_1/05-20190628153100-snapshot.jpg
1,1,20190628,153600,79,2,1768,788,1860,854,Jun24_1/05-20190628153600-snapshot.jpg
1,1,20190628,154030,78,2,1359,493,1445,546,Jun24_1/05-20190628154030-snapshot.jpg
1,1,20190628,155530,80,1,303,510,345,550,Jun24_1/05-20190628155530-snapshot.jpg
1,1,20190628,160630,79,2,1416,786,1506,849,Jun24_1/05-20190628160630-snapshot.jpg
1,1,20190628,161200,87,4,602,874,708,962,Jun24_1/05-20190628161200-snapshot.jpg
1,1,20190628,161730,76,2,1338,527,1390,617,Jun24_1/05-20190628161730-snapshot.jpg
1,1,20190628,162330,82,1,740,780,779,824,Jun24_1/05-20190628162330-snapshot.jpg
1,1,20190628,163700,81,1,413,507,460,559,Jun24_1/05-20190628163700-snapshot.jpg
1,1,20190628,165130,37,1,1743,634,1783,670,Jun24_1/05-20190628165130-snapshot.jpg
1,1,20190628,165200,49,1,1743,634,1783,669,Jun24_1/05-20190628165200-snapshot.jpg
1,1,20190628,165300,31,1,1744,634,1784,669,Jun24_1/05-20190628165300-snapshot.jpg
1,1,20190628,165400,28,1,1744,635,1784,670,Jun24_1/05-20190628165400-snapshot.jpg
1,1,20190628,165430,76,2,869,629,960,720,Jun24_1/05-20190628165430-snapshot.jpg
1,1,20190628,172830,79,1,5,961,50,1013,Jun24_1/05-20190628172830-snapshot.jpg
1,1,20190628,173230,86,4,750,638,827,842,Jun24_1/05-20190628173230-snapshot.jpg
1,1,20190628,173630,57,2,1531,456,1593,514,Jun24_1/05-20190628173630-snapshot.jpg
1,1,20190628,181300,83,1,1364,587,1412,638,Jun24_1/05-20190628181300-snapshot.jpg
1,1,20190628,181330,77,1,944,517,993,562,Jun24_1/05-20190628181330-snapshot.jpg
1,1,20190628,181400,34,1,901,621,938,657,Jun24_1/05-20190628181400-snapshot.jpg
1,1,20190628,181500,83,1,1182,773,1228,828,Jun24_1/05-20190628181500-snapshot.jpg
1,1,20190628,181630,52,1,1433,881,1483,937,Jun24_1/05-20190628181630-snapshot.jpg
1,1,20190628,211700,73,1,1857,593,1904,643,Jun24_1/05-20190628211700-snapshot.jpg
1,1,20190628,211730,84,1,1860,715,1913,787,Jun24_1/05-20190628211730-snapshot.jpg
1,1,20190629,033300,81,1,0,519,33,570,Jun24_1/07-20190629033300-snapshot.jpg
1,1,20190629,033330,73,1,25,323,74,373,Jun24_1/07-20190629033330-snapshot.jpg
1,1,20190629,033930,72,1,5,623,51,665,Jun24_1/07-20190629033930-snapshot.jpg
1,1,20190629,034000,80,1,81,848,126,890,Jun24_1/07-20190629034000-snapshot.jpg
1,1,20190629,034030,78,1,89,634,135,682,Jun24_1/07-20190629034030-snapshot.jpg
1,1,20190629,035130,84,1,130,548,174,603,Jun24_1/07-20190629035130-snapshot.jpg
1,1,20190629,035300,76,1,352,745,391,786,Jun24_1/07-20190629035300-snapshot.jpg
1,1,20190629,035330,83,1,315,778,357,822,Jun24_1/07-20190629035330-snapshot.jpg
1,1,20190629,053430,80,1,1120,807,1167,856,Jun24_1/07-20190629053430-snapshot.jpg
1,1,20190629,060630,68,1,1,68,37,117,Jun24_1/07-20190629060630-snapshot.jpg
1,1,20190629,070700,81,1,365,309,407,354,Jun24_1/07-20190629070700-snapshot.jpg
1,1,20190629,071600,74,1,368,554,412,598,Jun24_1/07-20190629071600-snapshot.jpg
1,1,20190629,071630,68,1,442,982,486,1032,Jun24_1/07-20190629071630-snapshot.jpg
1,1,20190629,072930,58,1,364,556,405,595,Jun24_1/07-20190629072930-snapshot.jpg
1,1,20190629,073230,27,1,367,558,408,597,Jun24_1/07-20190629073230-snapshot.jpg
1,1,20190629,073500,46,1,366,560,409,601,Jun24_1/07-20190629073500-snapshot.jpg
1,1,20190629,073530,60,1,363,558,405,599,Jun24_1/07-20190629073530-snapshot.jpg
1,1,20190629,073730,36,1,363,558,405,598,Jun24_1/07-20190629073730-snapshot.jpg
1,1,20190629,073800,43,1,364,558,406,599,Jun24_1/07-20190629073800-snapshot.jpg
1,1,20190629,073830,82,1,365,558,407,599,Jun24_1/07-20190629073830-snapshot.jpg
1,1,20190629,081530,79,1,1655,554,1695,595,Jun24_1/07-20190629081530-snapshot.jpg
1,1,20190629,081600,79,1,1593,731,1642,774,Jun24_1/07-20190629081600-snapshot.jpg
1,1,20190629,081700,83,1,1439,355,1482,399,Jun24_1/07-20190629081700-snapshot.jpg
1,1,20190629,081800,51,1,1099,982,1147,1029,Jun24_1/07-20190629081800-snapshot.jpg
1,1,20190629,081830,79,1,954,639,998,692,Jun24_1/07-20190629081830-snapshot.jpg
1,1,20190629,081900,78,1,1443,365,1487,413,Jun24_1/07-20190629081900-snapshot.jpg
1,1,20190629,092200,82,1,815,865,869,929,Jun24_1/07-20190629092200-snapshot.jpg
1,1,20190629,094700,81,1,324,470,366,514,Jun24_1/07-20190629094700-snapshot.jpg
1,1,20190629,094730,77,1,804,612,847,651,Jun24_1/07-20190629094730-snapshot.jpg
1,1,20190629,094830,82,1,1686,483,1738,543,Jun24_1/07-20190629094830-snapshot.jpg
1,1,20190629,104630,77,1,1318,381,1365,434,Jun24_1/07-20190629104630-snapshot.jpg
1,1,20190629,112230,79,1,578,685,625,734,Jun24_1/07-20190629112230-snapshot.jpg
1,1,20190629,112530,25,1,725,398,770,455,Jun24_1/07-20190629112530-snapshot.jpg
1,1,20190629,113130,79,1,1217,407,1262,457,Jun24_1/07-20190629113130-snapshot.jpg
1,1,20190629,115630,49,2,876,519,977,641,Jun24_1/07-20190629115630-snapshot.jpg
1,1,20190629,120730,82,1,1270,910,1316,960,Jun24_1/07-20190629120730-snapshot.jpg
1,1,20190629,120930,84,1,1401,150,1450,207,Jun24_1/07-20190629120930-snapshot.jpg
1,1,20190629,121700,69,2,409,341,502,468,Jun24_1/07-20190629121700-snapshot.jpg
1,1,20190629,122730,88,2,871,228,988,308,Jun24_1/07-20190629122730-snapshot.jpg
1,1,20190629,122930,35,2,482,474,582,545,Jun24_1/07-20190629122930-snapshot.jpg
1,1,20190629,123000,67,2,1548,408,1622,475,Jun24_1/07-20190629123000-snapshot.jpg
1,1,20190629,124330,38,2,1658,562,1734,627,Jun24_1/07-20190629124330-snapshot.jpg
1,1,20190629,124530,84,1,583,615,634,674,Jun24_1/07-20190629124530-snapshot.jpg
1,1,20190629,124630,47,1,1458,3,1511,49,Jun24_1/07-20190629124630-snapshot.jpg
1,1,20190629,124700,81,1,396,601,440,646,Jun24_1/07-20190629124700-snapshot.jpg
1,1,20190629,125530,70,2,933,708,1019,815,Jun24_1/07-20190629125530-snapshot.jpg
1,1,20190629,130430,76,2,809,675,903,742,Jun24_1/07-20190629130430-snapshot.jpg
1,1,20190629,130530,81,2,633,291,732,350,Jun24_1/07-20190629130530-snapshot.jpg
1,1,20190629,130700,83,1,1474,217,1527,279,Jun24_1/07-20190629130700-snapshot.jpg
1,1,20190629,130730,36,1,392,579,439,630,Jun24_1/07-20190629130730-snapshot.jpg
1,1,20190629,131100,81,2,1571,497,1634,600,Jun24_1/07-20190629131100-snapshot.jpg
1,1,20190629,131630,78,1,522,694,563,734,Jun24_1/07-20190629131630-snapshot.jpg
1,1,20190629,132430,68,2,1760,181,1878,254,Jun24_1/07-20190629132430-snapshot.jpg
1,1,20190629,132830,69,2,641,413,741,473,Jun24_1/07-20190629132830-snapshot.jpg
1,1,20190629,133630,81,1,728,785,774,831,Jun24_1/07-20190629133630-snapshot.jpg
1,1,20190629,133830,77,2,1368,517,1420,620,Jun24_1/07-20190629133830-snapshot.jpg
1,1,20190629,135600,67,2,984,529,1084,606,Jun24_1/07-20190629135600-snapshot.jpg
1,1,20190629,135630,56,2,1742,738,1829,806,Jun24_1/07-20190629135630-snapshot.jpg
1,1,20190629,135730,68,2,1760,404,1835,484,Jun24_1/07-20190629135730-snapshot.jpg
1,1,20190629,140530,30,5,897,682,957,754,Jun24_1/07-20190629140530-snapshot.jpg
1,1,20190629,140730,77,2,1479,464,1535,552,Jun24_1/07-20190629140730-snapshot.jpg
1,1,20190629,141630,85,3,461,751,565,838,Jun24_1/07-20190629141630-snapshot.jpg
1,1,20190629,142230,78,2,1538,336,1628,396,Jun24_1/07-20190629142230-snapshot.jpg
1,1,20190629,143500,82,2,755,801,855,875,Jun24_1/07-20190629143500-snapshot.jpg
1,1,20190629,144600,72,2,50,986,165,1054,Jun24_1/07-20190629144600-snapshot.jpg
1,1,20190629,150530,79,2,1277,575,1353,665,Jun24_1/07-20190629150530-snapshot.jpg
1,1,20190629,150800,74,2,1083,479,1170,560,Jun24_1/07-20190629150800-snapshot.jpg
1,1,20190629,150900,73,2,1470,826,1568,906,Jun24_1/07-20190629150900-snapshot.jpg
1,1,20190629,152700,82,1,1022,912,1066,961,Jun24_1/07-20190629152700-snapshot.jpg
1,1,20190629,153430,84,1,1732,996,1788,1073,Jun24_1/07-20190629153430-snapshot.jpg
1,1,20190629,153500,82,1,1835,887,1883,949,Jun24_1/07-20190629153500-snapshot.jpg
1,1,20190629,153800,75,2,1334,550,1394,602,Jun24_1/07-20190629153800-snapshot.jpg
1,1,20190629,153830,78,2,1574,526,1637,616,Jun24_1/07-20190629153830-snapshot.jpg
1,1,20190629,153900,76,2,1404,611,1484,687,Jun24_1/07-20190629153900-snapshot.jpg
1,1,20190629,154730,74,2,20,684,102,790,Jun24_1/07-20190629154730-snapshot.jpg
1,1,20190629,154800,51,2,1506,390,1605,444,Jun24_1/07-20190629154800-snapshot.jpg
1,1,20190629,161200,81,1,517,261,550,290,Jun24_1/07-20190629161200-snapshot.jpg
1,1,20190629,161300,77,1,613,842,654,886,Jun24_1/07-20190629161300-snapshot.jpg
1,1,20190629,161500,80,2,1122,380,1219,438,Jun24_1/07-20190629161500-snapshot.jpg
1,1,20190629,162200,87,3,303,124,438,215,Jun24_1/07-20190629162200-snapshot.jpg
1,1,20190629,163030,80,2,1575,467,1635,540,Jun24_1/07-20190629163030-snapshot.jpg
1,1,20190629,163300,63,2,1653,277,1710,359,Jun24_1/07-20190629163300-snapshot.jpg
1,1,20190629,163300,81,1,752,589,797,634,Jun24_1/07-20190629163300-snapshot.jpg
1,1,20190629,163600,70,2,1558,476,1649,550,Jun24_1/07-20190629163600-snapshot.jpg
1,1,20190629,163630,84,1,43,641,93,693,Jun24_1/07-20190629163630-snapshot.jpg
1,1,20190629,165530,73,4,1190,908,1302,1002,Jun24_1/07-20190629165530-snapshot.jpg
1,1,20190629,171430,82,1,875,608,919,664,Jun24_1/07-20190629171430-snapshot.jpg
1,1,20190629,171830,80,1,1103,296,1148,352,Jun24_1/07-20190629171830-snapshot.jpg
1,1,20190629,171900,44,1,938,755,979,797,Jun24_1/07-20190629171900-snapshot.jpg
1,1,20190629,181200,80,2,897,170,956,269,Jun24_1/07-20190629181200-snapshot.jpg
1,1,20190629,184330,81,1,938,827,985,895,Jun24_1/07-20190629184330-snapshot.jpg
1,1,20190629,184700,75,1,982,466,1030,520,Jun24_1/07-20190629184700-snapshot.jpg
1,1,20190629,210430,83,1,1388,541,1437,601,Jun24_1/07-20190629210430-snapshot.jpg
1,1,20190629,210600,74,1,1555,1014,1608,1076,Jun24_1/07-20190629210600-snapshot.jpg
1,1,20190630,044100,76,1,184,472,229,516,Jun24_1/20-20190630044100-snapshot.jpg
1,1,20190630,044230,69,1,188,685,231,727,Jun24_1/20-20190630044230-snapshot.jpg
1,1,20190630,044630,71,1,502,486,545,526,Jun24_1/20-20190630044630-snapshot.jpg
1,1,20190630,044730,84,1,768,598,812,643,Jun24_1/20-20190630044730-snapshot.jpg
1,1,20190630,044800,52,1,766,610,809,651,Jun24_1/20-20190630044800-snapshot.jpg
1,1,20190630,044900,84,1,994,811,1044,867,Jun24_1/20-20190630044900-snapshot.jpg
1,1,20190630,045130,68,1,1061,923,1104,967,Jun24_1/20-20190630045130-snapshot.jpg
1,1,20190630,045200,82,1,1176,858,1224,911,Jun24_1/20-20190630045200-snapshot.jpg
1,1,20190630,060830,37,1,1557,397,1597,436,Jun24_1/20-20190630060830-snapshot.jpg
1,1,20190630,061130,45,1,1557,396,1598,437,Jun24_1/20-20190630061130-snapshot.jpg
1,1,20190630,061200,65,1,1555,395,1597,437,Jun24_1/20-20190630061200-snapshot.jpg
1,1,20190630,061230,58,1,1555,398,1596,437,Jun24_1/20-20190630061230-snapshot.jpg
1,1,20190630,061300,32,1,1556,396,1597,436,Jun24_1/20-20190630061300-snapshot.jpg
1,1,20190630,061330,85,4,691,702,790,778,Jun24_1/20-20190630061330-snapshot.jpg
1,1,20190630,061400,47,1,1557,395,1599,437,Jun24_1/20-20190630061400-snapshot.jpg
1,1,20190630,061700,38,1,1558,398,1599,437,Jun24_1/20-20190630061700-snapshot.jpg
1,1,20190630,063630,40,1,1558,398,1598,435,Jun24_1/20-20190630063630-snapshot.jpg
1,1,20190630,063930,30,1,1562,399,1600,434,Jun24_1/20-20190630063930-snapshot.jpg
1,1,20190630,064500,76,1,705,941,747,985,Jun24_1/20-20190630064500-snapshot.jpg
1,1,20190630,073000,52,1,787,557,828,597,Jun24_1/20-20190630073000-snapshot.jpg
1,1,20190630,073100,78,1,882,493,924,543,Jun24_1/20-20190630073100-snapshot.jpg
1,1,20190630,073130,66,1,1183,800,1225,837,Jun24_1/20-20190630073130-snapshot.jpg
1,1,20190630,084330,82,1,738,593,786,634,Jun24_1/20-20190630084330-snapshot.jpg
1,1,20190630,084830,39,1,100,755,144,808,Jun24_1/20-20190630084830-snapshot.jpg
1,1,20190630,085000,83,1,274,462,319,510,Jun24_1/20-20190630085000-snapshot.jpg
1,1,20190630,085030,82,1,608,596,670,669,Jun24_1/20-20190630085030-snapshot.jpg
1,1,20190630,093400,46,1,1710,645,1748,680,Jun24_1/20-20190630093400-snapshot.jpg
1,1,20190630,093530,25,1,1708,644,1748,682,Jun24_1/20-20190630093530-snapshot.jpg
1,1,20190630,093600,62,1,1710,643,1749,681,Jun24_1/20-20190630093600-snapshot.jpg
1,1,20190630,093630,69,1,1709,644,1748,681,Jun24_1/20-20190630093630-snapshot.jpg
1,1,20190630,093700,62,1,1709,644,1748,682,Jun24_1/20-20190630093700-snapshot.jpg
1,1,20190630,093730,50,1,1708,645,1748,683,Jun24_1/20-20190630093730-snapshot.jpg
1,1,20190630,093800,26,1,1708,644,1748,683,Jun24_1/20-20190630093800-snapshot.jpg
1,1,20190630,100500,50,1,1712,645,1752,684,Jun24_1/20-20190630100500-snapshot.jpg
1,1,20190630,100600,29,1,1713,646,1751,682,Jun24_1/20-20190630100600-snapshot.jpg
1,1,20190630,112100,73,2,493,447,563,587,Jun24_1/20-20190630112100-snapshot.jpg
1,1,20190630,113730,84,2,951,47,1059,161,Jun24_1/20-20190630113730-snapshot.jpg
1,1,20190630,121030,31,1,1000,714,1037,755,Jun24_1/20-20190630121030-snapshot.jpg
1,1,20190630,121100,26,1,1022,713,1058,754,Jun24_1/20-20190630121100-snapshot.jpg
1,1,20190630,121200,77,2,777,372,836,483,Jun24_1/20-20190630121200-snapshot.jpg
1,1,20190630,121830,75,2,366,621,436,736,Jun24_1/20-20190630121830-snapshot.jpg
1,1,20190630,124200,75,2,1355,361,1436,429,Jun24_1/20-20190630124200-snapshot.jpg
1,1,20190630,124430,80,2,1734,17,1873,112,Jun24_1/20-20190630124430-snapshot.jpg
1,1,20190630,130130,85,3,1324,254,1446,353,Jun24_1/20-20190630130130-snapshot.jpg
1,1,20190630,131030,79,2,1559,588,1618,680,Jun24_1/20-20190630131030-snapshot.jpg
1,1,20190630,134530,74,2,1753,129,1872,196,Jun24_1/20-20190630134530-snapshot.jpg
1,1,20190630,134600,81,2,790,471,857,599,Jun24_1/20-20190630134600-snapshot.jpg
1,1,20190630,134800,83,2,379,281,448,388,Jun24_1/20-20190630134800-snapshot.jpg
1,1,20190630,140030,79,2,975,718,1038,827,Jun24_1/20-20190630140030-snapshot.jpg
1,1,20190630,141300,81,1,526,1001,578,1063,Jun24_1/20-20190630141300-snapshot.jpg
1,1,20190630,142630,76,2,1708,238,1814,305,Jun24_1/20-20190630142630-snapshot.jpg
1,1,20190630,142700,71,2,786,514,878,576,Jun24_1/20-20190630142700-snapshot.jpg
1,1,20190630,142730,78,2,787,858,891,936,Jun24_1/20-20190630142730-snapshot.jpg
1,1,20190630,144500,82,2,1633,107,1737,184,Jun24_1/20-20190630144500-snapshot.jpg
1,1,20190630,144700,76,2,1548,485,1648,545,Jun24_1/20-20190630144700-snapshot.jpg
1,1,20190630,145130,69,2,285,900,379,980,Jun24_1/20-20190630145130-snapshot.jpg
1,1,20190630,150900,81,2,591,760,700,828,Jun24_1/20-20190630150900-snapshot.jpg
1,1,20190630,152630,75,2,1075,651,1133,754,Jun24_1/20-20190630152630-snapshot.jpg
1,1,20190630,152700,80,2,1643,586,1740,652,Jun24_1/20-20190630152700-snapshot.jpg
1,1,20190630,152830,79,2,1140,449,1240,531,Jun24_1/20-20190630152830-snapshot.jpg
1,1,20190630,153300,41,3,262,276,363,352,Jun24_1/20-20190630153300-snapshot.jpg
1,1,20190630,153430,29,2,1863,895,1919,988,Jun24_1/20-20190630153430-snapshot.jpg
1,1,20190630,154100,34,2,1459,307,1553,365,Jun24_1/20-20190630154100-snapshot.jpg
1,1,20190630,155130,72,2,759,629,837,693,Jun24_1/20-20190630155130-snapshot.jpg
1,1,20190630,155730,52,2,1052,490,1112,588,Jun24_1/20-20190630155730-snapshot.jpg
1,1,20190630,161030,73,2,1586,704,1687,765,Jun24_1/20-20190630161030-snapshot.jpg
1,1,20190630,161830,46,1,1548,379,1587,417,Jun24_1/20-20190630161830-snapshot.jpg
1,1,20190630,162000,71,2,671,603,731,728,Jun24_1/20-20190630162000-snapshot.jpg
1,1,20190630,162730,29,1,1550,380,1589,416,Jun24_1/20-20190630162730-snapshot.jpg
1,1,20190630,164800,76,2,734,634,834,691,Jun24_1/20-20190630164800-snapshot.jpg
1,1,20190630,164930,40,1,1545,382,1583,417,Jun24_1/20-20190630164930-snapshot.jpg
1,1,20190630,170430,67,2,675,489,733,588,Jun24_1/20-20190630170430-snapshot.jpg
1,1,20190630,170630,74,2,1601,640,1664,720,Jun24_1/20-20190630170630-snapshot.jpg
1,1,20190630,170700,78,2,891,636,953,715,Jun24_1/20-20190630170700-snapshot.jpg
1,1,20190630,174530,26,1,1543,385,1585,423,Jun24_1/20-20190630174530-snapshot.jpg
1,1,20190630,174600,39,1,1548,381,1586,416,Jun24_1/20-20190630174600-snapshot.jpg
1,1,20190630,175100,65,1,1551,382,1591,418,Jun24_1/20-20190630175100-snapshot.jpg
1,1,20190630,175200,62,1,1556,380,1595,414,Jun24_1/20-20190630175200-snapshot.jpg
1,1,20190630,175400,52,1,1552,384,1592,420,Jun24_1/20-20190630175400-snapshot.jpg
1,1,20190630,175600,37,1,1552,382,1590,416,Jun24_1/20-20190630175600-snapshot.jpg
1,1,20190630,175700,31,1,1552,382,1590,415,Jun24_1/20-20190630175700-snapshot.jpg
1,1,20190630,180130,34,1,1552,383,1590,418,Jun24_1/20-20190630180130-snapshot.jpg
1,1,20190630,180600,32,1,1552,374,1592,411,Jun24_1/20-20190630180600-snapshot.jpg
1,1,20190630,180700,53,1,1553,381,1592,418,Jun24_1/20-20190630180700-snapshot.jpg
1,1,20190630,181030,30,1,1554,382,1591,417,Jun24_1/20-20190630181030-snapshot.jpg
1,1,20190630,181330,32,1,1550,381,1588,416,Jun24_1/20-20190630181330-snapshot.jpg
1,1,20190630,181400,54,1,1550,382,1590,418,Jun24_1/20-20190630181400-snapshot.jpg
1,1,20190630,181430,41,1,1549,382,1589,418,Jun24_1/20-20190630181430-snapshot.jpg
1,1,20190630,182100,26,1,1549,380,1586,417,Jun24_1/20-20190630182100-snapshot.jpg
1,1,20190630,182230,80,1,1237,651,1274,695,Jun24_1/20-20190630182230-snapshot.jpg
1,1,20190630,182330,66,1,386,588,424,627,Jun24_1/20-20190630182330-snapshot.jpg
1,1,20190630,182900,25,1,1550,383,1587,416,Jun24_1/20-20190630182900-snapshot.jpg
1,1,20190630,182930,26,1,1547,382,1585,416,Jun24_1/20-20190630182930-snapshot.jpg
1,1,20190630,183000,37,1,1547,382,1585,416,Jun24_1/20-20190630183000-snapshot.jpg
1,1,20190630,183100,36,1,1549,381,1586,415,Jun24_1/20-20190630183100-snapshot.jpg
1,1,20190630,183130,48,1,1547,380,1585,415,Jun24_1/20-20190630183130-snapshot.jpg
1,1,20190630,183400,31,1,1547,381,1585,416,Jun24_1/20-20190630183400-snapshot.jpg
1,1,20190630,183600,29,1,1549,381,1586,416,Jun24_1/20-20190630183600-snapshot.jpg
1,1,20190630,183630,33,1,1548,382,1586,416,Jun24_1/20-20190630183630-snapshot.jpg
1,1,20190630,183700,32,1,1548,380,1587,417,Jun24_1/20-20190630183700-snapshot.jpg
1,1,20190630,183730,49,1,1549,381,1587,416,Jun24_1/20-20190630183730-snapshot.jpg
1,1,20190630,183830,27,1,1546,381,1586,418,Jun24_1/20-20190630183830-snapshot.jpg
1,1,20190630,183900,27,1,1550,383,1590,421,Jun24_1/20-20190630183900-snapshot.jpg
1,1,20190630,183930,33,1,1549,381,1588,417,Jun24_1/20-20190630183930-snapshot.jpg
1,1,20190630,184030,34,1,1550,381,1591,418,Jun24_1/20-20190630184030-snapshot.jpg
1,1,20190630,184130,65,1,1552,383,1591,418,Jun24_1/20-20190630184130-snapshot.jpg
1,1,20190630,184200,44,1,1549,382,1589,418,Jun24_1/20-20190630184200-snapshot.jpg
1,1,20190630,184230,60,1,1551,381,1589,416,Jun24_1/20-20190630184230-snapshot.jpg
1,1,20190630,184300,42,1,1550,382,1589,416,Jun24_1/20-20190630184300-snapshot.jpg
1,1,20190630,184330,72,1,1550,383,1589,418,Jun24_1/20-20190630184330-snapshot.jpg
1,1,20190630,184430,46,1,1549,383,1589,419,Jun24_1/20-20190630184430-snapshot.jpg
1,1,20190630,184500,33,1,1547,383,1587,419,Jun24_1/20-20190630184500-snapshot.jpg
1,1,20190630,184530,31,1,1547,383,1585,418,Jun24_1/20-20190630184530-snapshot.jpg
1,1,20190630,185000,43,4,766,847,862,941,Jun24_1/20-20190630185000-snapshot.jpg
1,1,20190630,185100,41,4,767,849,860,943,Jun24_1/20-20190630185100-snapshot.jpg
1,1,20190630,185200,60,4,765,846,859,938,Jun24_1/20-20190630185200-snapshot.jpg
1,1,20190630,185330,52,4,765,848,860,940,Jun24_1/20-20190630185330-snapshot.jpg
1,1,20190630,191800,84,1,1088,304,1129,349,Jun24_1/20-20190630191800-snapshot.jpg
1,1,20190630,191830,63,1,1537,7,1583,68,Jun24_1/20-20190630191830-snapshot.jpg
1,1,20190630,191930,84,1,1635,227,1681,286,Jun24_1/20-20190630191930-snapshot.jpg
1,1,20190630,192000,81,1,1734,597,1777,648,Jun24_1/20-20190630192000-snapshot.jpg
1,1,20190701,035100,73,1,107,768,150,807,Jun24_1/23-20190701035100-snapshot.jpg
1,1,20190701,035330,84,1,77,527,127,587,Jun24_1/23-20190701035330-snapshot.jpg
1,1,20190701,035400,86,1,120,400,167,460,Jun24_1/23-20190701035400-snapshot.jpg
1,1,20190701,035430,82,1,306,456,348,495,Jun24_1/23-20190701035430-snapshot.jpg
1,1,20190701,035600,50,1,351,539,391,580,Jun24_1/23-20190701035600-snapshot.jpg
1,1,20190701,035630,56,1,443,307,486,345,Jun24_1/23-20190701035630-snapshot.jpg
1,1,20190701,035700,87,1,535,115,580,163,Jun24_1/23-20190701035700-snapshot.jpg
1,1,20190701,063400,78,1,274,293,313,334,Jun24_1/23-20190701063400-snapshot.jpg
1,1,20190701,063430,78,1,367,450,407,492,Jun24_1/23-20190701063430-snapshot.jpg
1,1,20190701,063500,80,1,401,564,452,626,Jun24_1/23-20190701063500-snapshot.jpg
1,1,20190701,063630,69,1,1211,661,1251,702,Jun24_1/23-20190701063630-snapshot.jpg
1,1,20190701,084200,78,1,337,267,377,314,Jun24_1/23-20190701084200-snapshot.jpg
1,1,20190701,085500,78,1,199,489,241,534,Jun24_1/23-20190701085500-snapshot.jpg
1,1,20190701,094100,69,1,97,749,141,790,Jun24_1/23-20190701094100-snapshot.jpg
1,1,20190701,094200,46,1,95,753,137,793,Jun24_1/23-20190701094200-snapshot.jpg
1,1,20190701,094230,84,1,1442,410,1492,465,Jun24_1/23-20190701094230-snapshot.jpg
1,1,20190701,095530,85,1,1646,61,1698,130,Jun24_1/23-20190701095530-snapshot.jpg
1,1,20190701,095800,86,1,1876,17,1920,91,Jun24_1/23-20190701095800-snapshot.jpg
1,1,20190701,103300,83,1,1314,375,1358,425,Jun24_1/23-20190701103300-snapshot.jpg
1,1,20190701,143130,61,4,563,1028,669,1080,Jun24_1/23-20190701143130-snapshot.jpg
1,1,20190702,080230,69,1,206,923,258,982,Jun24_1/24-20190702080230-snapshot.jpg
1,1,20190702,080800,34,1,1225,574,1268,619,Jun24_1/24-20190702080800-snapshot.jpg
1,1,20190702,082530,32,1,1231,572,1273,618,Jun24_1/24-20190702082530-snapshot.jpg
1,1,20190702,082730,46,1,1229,550,1273,602,Jun24_1/24-20190702082730-snapshot.jpg
1,1,20190702,082900,44,1,1242,594,1283,640,Jun24_1/24-20190702082900-snapshot.jpg
1,1,20190702,083100,34,1,1233,577,1277,625,Jun24_1/24-20190702083100-snapshot.jpg
1,1,20190702,083130,40,1,1237,584,1278,631,Jun24_1/24-20190702083130-snapshot.jpg
1,1,20190702,083200,46,1,1239,579,1281,627,Jun24_1/24-20190702083200-snapshot.jpg
1,1,20190702,083330,40,1,202,933,247,983,Jun24_1/24-20190702083330-snapshot.jpg
1,1,20190702,083430,29,1,1216,564,1261,613,Jun24_1/24-20190702083430-snapshot.jpg
1,1,20190702,083500,49,1,945,761,985,798,Jun24_1/24-20190702083500-snapshot.jpg
1,1,20190702,083530,67,1,1239,559,1282,610,Jun24_1/24-20190702083530-snapshot.jpg
1,1,20190702,083600,44,1,1224,572,1268,620,Jun24_1/24-20190702083600-snapshot.jpg
1,1,20190702,083600,49,1,945,762,987,800,Jun24_1/24-20190702083600-snapshot.jpg
1,1,20190702,083630,39,1,951,754,992,794,Jun24_1/24-20190702083630-snapshot.jpg
1,1,20190702,083900,46,1,946,763,987,801,Jun24_1/24-20190702083900-snapshot.jpg
1,1,20190702,084100,49,1,1249,575,1291,623,Jun24_1/24-20190702084100-snapshot.jpg
1,1,20190702,084200,35,1,1258,595,1299,638,Jun24_1/24-20190702084200-snapshot.jpg
1,1,20190702,084300,26,1,1222,552,1268,604,Jun24_1/24-20190702084300-snapshot.jpg
1,1,20190702,084400,59,1,1240,581,1282,629,Jun24_1/24-20190702084400-snapshot.jpg
1,1,20190702,084700,28,1,946,761,988,800,Jun24_1/24-20190702084700-snapshot.jpg
1,1,20190702,084700,62,1,1237,572,1281,621,Jun24_1/24-20190702084700-snapshot.jpg
1,1,20190702,084900,44,1,946,756,985,794,Jun24_1/24-20190702084900-snapshot.jpg
1,1,20190702,084930,59,1,1224,556,1269,607,Jun24_1/24-20190702084930-snapshot.jpg
1,1,20190702,085000,44,1,1218,552,1263,602,Jun24_1/24-20190702085000-snapshot.jpg
1,1,20190702,085100,35,1,1719,614,1759,652,Jun24_1/24-20190702085100-snapshot.jpg
1,1,20190702,085100,53,1,947,762,985,800,Jun24_1/24-20190702085100-snapshot.jpg
1,1,20190702,085130,30,1,946,761,985,798,Jun24_1/24-20190702085130-snapshot.jpg
1,1,20190702,085130,34,1,1235,581,1278,629,Jun24_1/24-20190702085130-snapshot.jpg
1,1,20190702,085200,42,1,1247,555,1289,606,Jun24_1/24-20190702085200-snapshot.jpg
1,1,20190702,085200,48,1,1720,616,1760,655,Jun24_1/24-20190702085200-snapshot.jpg
1,1,20190702,085200,60,1,946,765,985,803,Jun24_1/24-20190702085200-snapshot.jpg
1,1,20190702,085230,44,1,949,761,987,799,Jun24_1/24-20190702085230-snapshot.jpg
1,1,20190702,085230,45,1,1240,574,1283,622,Jun24_1/24-20190702085230-snapshot.jpg
1,1,20190702,085500,50,1,1229,573,1272,620,Jun24_1/24-20190702085500-snapshot.jpg
1,1,20190702,085600,45,1,1260,565,1302,614,Jun24_1/24-20190702085600-snapshot.jpg
1,1,20190702,090630,48,1,1257,566,1298,613,Jun24_1/24-20190702090630-snapshot.jpg
1,1,20190702,090700,39,1,948,755,988,793,Jun24_1/24-20190702090700-snapshot.jpg
1,1,20190702,090700,40,1,1247,563,1288,611,Jun24_1/24-20190702090700-snapshot.jpg
1,1,20190702,090730,52,1,948,755,988,792,Jun24_1/24-20190702090730-snapshot.jpg
1,1,20190702,090830,57,1,949,758,988,795,Jun24_1/24-20190702090830-snapshot.jpg
1,1,20190702,090930,75,1,946,760,986,799,Jun24_1/24-20190702090930-snapshot.jpg
1,1,20190702,091000,53,1,945,760,984,797,Jun24_1/24-20190702091000-snapshot.jpg
1,1,20190702,091100,52,1,944,758,985,796,Jun24_1/24-20190702091100-snapshot.jpg
1,1,20190702,091100,65,1,1228,574,1270,623,Jun24_1/24-20190702091100-snapshot.jpg
1,1,20190702,091200,70,1,943,760,983,799,Jun24_1/24-20190702091200-snapshot.jpg
1,1,20190702,091200,72,1,1235,557,1279,609,Jun24_1/24-20190702091200-snapshot.jpg
1,1,20190702,091230,54,1,943,760,984,798,Jun24_1/24-20190702091230-snapshot.jpg
1,1,20190702,091300,25,1,1240,571,1282,618,Jun24_1/24-20190702091300-snapshot.jpg
1,1,20190702,091330,37,1,942,761,983,800,Jun24_1/24-20190702091330-snapshot.jpg
1,1,20190702,091400,71,1,943,759,985,799,Jun24_1/24-20190702091400-snapshot.jpg
1,1,20190702,091430,68,1,944,761,984,799,Jun24_1/24-20190702091430-snapshot.jpg
1,1,20190702,091500,59,1,944,763,984,802,Jun24_1/24-20190702091500-snapshot.jpg
1,1,20190702,091700,40,1,946,760,987,797,Jun24_1/24-20190702091700-snapshot.jpg
1,1,20190702,091730,58,1,946,759,988,798,Jun24_1/24-20190702091730-snapshot.jpg
1,1,20190702,091830,62,1,945,758,988,798,Jun24_1/24-20190702091830-snapshot.jpg
1,1,20190702,091900,58,1,946,759,987,797,Jun24_1/24-20190702091900-snapshot.jpg
1,1,20190702,091930,53,1,945,758,986,796,Jun24_1/24-20190702091930-snapshot.jpg
1,1,20190702,092000,40,1,945,759,987,797,Jun24_1/24-20190702092000-snapshot.jpg
1,1,20190702,092000,45,1,1240,586,1280,630,Jun24_1/24-20190702092000-snapshot.jpg
1,1,20190702,092030,57,1,945,761,986,799,Jun24_1/24-20190702092030-snapshot.jpg
1,1,20190702,092100,63,1,947,760,988,797,Jun24_1/24-20190702092100-snapshot.jpg
1,1,20190702,092130,36,1,1295,556,1339,610,Jun24_1/24-20190702092130-snapshot.jpg
1,1,20190702,092130,75,1,953,759,992,797,Jun24_1/24-20190702092130-snapshot.jpg
1,1,20190702,092200,56,1,949,759,990,796,Jun24_1/24-20190702092200-snapshot.jpg
1,1,20190702,092230,47,1,948,756,989,795,Jun24_1/24-20190702092230-snapshot.jpg
1,1,20190702,092330,58,1,948,760,989,799,Jun24_1/24-20190702092330-snapshot.jpg
1,1,20190702,092400,67,1,948,760,990,799,Jun24_1/24-20190702092400-snapshot.jpg
1,1,20190702,092430,45,1,949,759,991,799,Jun24_1/24-20190702092430-snapshot.jpg
1,1,20190702,092500,54,1,948,760,989,799,Jun24_1/24-20190702092500-snapshot.jpg
1,1,20190702,092630,31,1,1218,545,1263,600,Jun24_1/24-20190702092630-snapshot.jpg
1,1,20190702,092830,48,1,1232,567,1276,616,Jun24_1/24-20190702092830-snapshot.jpg
1,1,20190702,093700,37,1,1237,557,1280,605,Jun24_1/24-20190702093700-snapshot.jpg
1,1,20190702,093730,46,1,1238,551,1281,600,Jun24_1/24-20190702093730-snapshot.jpg
1,1,20190702,093830,61,1,1238,559,1281,608,Jun24_1/24-20190702093830-snapshot.jpg
1,1,20190702,094030,31,1,1231,567,1274,617,Jun24_1/24-20190702094030-snapshot.jpg
1,1,20190702,094200,52,1,1227,566,1270,614,Jun24_1/24-20190702094200-snapshot.jpg
1,1,20190702,094530,56,1,1225,552,1269,604,Jun24_1/24-20190702094530-snapshot.jpg
1,1,20190702,094600,81,1,1226,554,1270,607,Jun24_1/24-20190702094600-snapshot.jpg
1,1,20190702,094630,74,1,1228,548,1271,599,Jun24_1/24-20190702094630-snapshot.jpg
1,1,20190702,094700,31,1,1225,545,1269,597,Jun24_1/24-20190702094700-snapshot.jpg
1,1,20190702,094730,55,1,1234,564,1276,612,Jun24_1/24-20190702094730-snapshot.jpg
1,1,20190702,094800,45,1,1229,548,1272,599,Jun24_1/24-20190702094800-snapshot.jpg
1,1,20190702,094900,65,1,1240,561,1282,610,Jun24_1/24-20190702094900-snapshot.jpg
1,1,20190702,095630,55,1,1268,552,1312,604,Jun24_1/24-20190702095630-snapshot.jpg
1,1,20190702,095700,37,1,1250,546,1293,597,Jun24_1/24-20190702095700-snapshot.jpg
1,1,20190702,100900,36,1,1257,564,1299,611,Jun24_1/24-20190702100900-snapshot.jpg
1,1,20190702,101200,46,1,1237,541,1280,590,Jun24_1/24-20190702101200-snapshot.jpg
1,1,20190702,101230,50,1,1226,568,1270,615,Jun24_1/24-20190702101230-snapshot.jpg
1,1,20190702,101430,60,1,1239,553,1281,602,Jun24_1/24-20190702101430-snapshot.jpg
1,1,20190702,101900,25,1,947,763,989,803,Jun24_1/24-20190702101900-snapshot.jpg
1,1,20190702,102330,28,1,944,759,988,800,Jun24_1/24-20190702102330-snapshot.jpg
1,1,20190702,102500,53,1,945,762,988,803,Jun24_1/24-20190702102500-snapshot.jpg
1,1,20190702,102630,77,1,1270,541,1312,588,Jun24_1/24-20190702102630-snapshot.jpg
1,1,20190702,103200,46,1,1238,545,1281,594,Jun24_1/24-20190702103200-snapshot.jpg
1,1,20190702,103230,46,1,1236,553,1279,604,Jun24_1/24-20190702103230-snapshot.jpg
1,1,20190702,103500,60,1,945,763,988,804,Jun24_1/24-20190702103500-snapshot.jpg
1,1,20190702,103530,60,1,945,763,989,804,Jun24_1/24-20190702103530-snapshot.jpg
1,1,20190702,103600,51,1,946,763,989,804,Jun24_1/24-20190702103600-snapshot.jpg
1,1,20190702,103730,35,1,944,761,987,802,Jun24_1/24-20190702103730-snapshot.jpg
1,1,20190702,104000,32,1,1257,558,1300,609,Jun24_1/24-20190702104000-snapshot.jpg
1,1,20190702,104630,62,1,1268,551,1312,602,Jun24_1/24-20190702104630-snapshot.jpg
1,1,20190702,104730,49,1,1243,555,1287,608,Jun24_1/24-20190702104730-snapshot.jpg
1,1,20190702,104800,76,1,1238,555,1282,605,Jun24_1/24-20190702104800-snapshot.jpg
1,1,20190702,104830,54,1,1239,555,1283,605,Jun24_1/24-20190702104830-snapshot.jpg
1,1,20190702,104900,37,1,1236,548,1279,600,Jun24_1/24-20190702104900-snapshot.jpg
1,1,20190702,105100,60,1,1244,554,1287,603,Jun24_1/24-20190702105100-snapshot.jpg
1,1,20190702,105130,33,1,1295,531,1340,585,Jun24_1/24-20190702105130-snapshot.jpg
1,1,20190702,110530,70,1,1237,546,1281,599,Jun24_1/24-20190702110530-snapshot.jpg
1,1,20190702,110900,44,1,1256,566,1299,612,Jun24_1/24-20190702110900-snapshot.jpg
1,1,20190702,111530,34,1,1241,553,1284,602,Jun24_1/24-20190702111530-snapshot.jpg
1,1,20190702,111700,62,1,1238,555,1280,604,Jun24_1/24-20190702111700-snapshot.jpg
1,1,20190702,111800,48,1,948,755,990,796,Jun24_1/24-20190702111800-snapshot.jpg
1,1,20190702,111830,38,1,950,756,992,796,Jun24_1/24-20190702111830-snapshot.jpg
1,1,20190702,111900,59,1,950,755,992,796,Jun24_1/24-20190702111900-snapshot.jpg
1,1,20190702,111930,44,1,950,754,991,794,Jun24_1/24-20190702111930-snapshot.jpg
1,1,20190702,112830,36,1,1250,535,1293,589,Jun24_1/24-20190702112830-snapshot.jpg
1,1,20190702,113330,69,1,1397,926,1446,982,Jun24_1/24-20190702113330-snapshot.jpg
1,1,20190702,113630,40,1,1250,553,1294,603,Jun24_1/24-20190702113630-snapshot.jpg
1,1,20190702,113900,64,1,1235,564,1277,610,Jun24_1/24-20190702113900-snapshot.jpg
1,1,20190702,114100,36,1,1259,567,1299,610,Jun24_1/24-20190702114100-snapshot.jpg
1,1,20190702,115700,82,1,1277,968,1326,1036,Jun24_1/24-20190702115700-snapshot.jpg
1,1,20190702,115930,61,1,1228,550,1271,601,Jun24_1/24-20190702115930-snapshot.jpg
1,1,20190702,120030,37,1,1232,565,1274,611,Jun24_1/24-20190702120030-snapshot.jpg
1,1,20190702,120300,61,1,1259,531,1303,584,Jun24_1/24-20190702120300-snapshot.jpg
1,1,20190702,120730,73,1,1261,507,1305,562,Jun24_1/24-20190702120730-snapshot.jpg
1,1,20190702,121530,37,1,1255,475,1302,533,Jun24_1/24-20190702121530-snapshot.jpg
1,1,20190702,121800,40,1,1261,507,1307,562,Jun24_1/24-20190702121800-snapshot.jpg
1,1,20190702,122000,26,1,1271,504,1315,556,Jun24_1/24-20190702122000-snapshot.jpg
1,1,20190702,122430,68,1,1255,525,1298,579,Jun24_1/24-20190702122430-snapshot.jpg
1,1,20190702,122630,64,1,1269,504,1314,556,Jun24_1/24-20190702122630-snapshot.jpg
1,1,20190702,122800,26,1,1256,501,1300,550,Jun24_1/24-20190702122800-snapshot.jpg
1,1,20190702,122830,31,1,1264,498,1310,550,Jun24_1/24-20190702122830-snapshot.jpg
1,1,20190702,122900,45,1,1262,502,1308,555,Jun24_1/24-20190702122900-snapshot.jpg
1,1,20190702,123000,67,1,1311,519,1357,573,Jun24_1/24-20190702123000-snapshot.jpg
1,1,20190702,123030,28,1,1293,528,1335,575,Jun24_1/24-20190702123030-snapshot.jpg
1,1,20190702,123300,56,1,945,752,986,788,Jun24_1/24-20190702123300-snapshot.jpg
1,1,20190702,123330,37,1,945,752,987,789,Jun24_1/24-20190702123330-snapshot.jpg
1,1,20190702,123400,35,1,945,752,986,790,Jun24_1/24-20190702123400-snapshot.jpg
1,1,20190702,123600,29,1,945,750,988,790,Jun24_1/24-20190702123600-snapshot.jpg
1,1,20190702,123800,84,1,967,393,1015,448,Jun24_1/24-20190702123800-snapshot.jpg
1,1,20190702,123830,40,1,1269,534,1314,589,Jun24_1/24-20190702123830-snapshot.jpg
1,1,20190702,123900,47,1,1267,505,1312,560,Jun24_1/24-20190702123900-snapshot.jpg
1,1,20190702,123930,50,1,1254,537,1301,590,Jun24_1/24-20190702123930-snapshot.jpg
1,1,20190702,124000,78,1,1257,528,1303,581,Jun24_1/24-20190702124000-snapshot.jpg
1,1,20190702,124100,58,1,1262,502,1308,556,Jun24_1/24-20190702124100-snapshot.jpg
1,1,20190702,124230,59,1,1256,528,1301,581,Jun24_1/24-20190702124230-snapshot.jpg
1,1,20190702,124400,25,1,1268,522,1315,578,Jun24_1/24-20190702124400-snapshot.jpg
1,1,20190702,124830,62,1,1263,532,1306,585,Jun24_1/24-20190702124830-snapshot.jpg
1,1,20190702,125000,75,1,1269,532,1314,588,Jun24_1/24-20190702125000-snapshot.jpg
1,1,20190702,125030,77,1,1270,535,1314,590,Jun24_1/24-20190702125030-snapshot.jpg
1,1,20190702,125100,66,1,1266,526,1310,579,Jun24_1/24-20190702125100-snapshot.jpg
1,1,20190702,125200,80,1,1273,529,1318,583,Jun24_1/24-20190702125200-snapshot.jpg
1,1,20190702,125330,42,1,1292,526,1337,580,Jun24_1/24-20190702125330-snapshot.jpg
1,1,20190702,125400,50,1,1283,528,1330,582,Jun24_1/24-20190702125400-snapshot.jpg
1,1,20190702,125430,49,1,1269,533,1314,588,Jun24_1/24-20190702125430-snapshot.jpg
1,1,20190702,125500,62,1,1278,524,1325,580,Jun24_1/24-20190702125500-snapshot.jpg
1,1,20190702,125630,46,1,1272,524,1322,584,Jun24_1/24-20190702125630-snapshot.jpg
1,1,20190702,125830,63,1,1261,505,1306,562,Jun24_1/24-20190702125830-snapshot.jpg
1,1,20190702,125930,52,1,1258,491,1304,545,Jun24_1/24-20190702125930-snapshot.jpg
1,1,20190702,130000,65,1,1264,512,1308,566,Jun24_1/24-20190702130000-snapshot.jpg
1,1,20190702,130100,32,1,1265,507,1314,564,Jun24_1/24-20190702130100-snapshot.jpg
1,1,20190702,130130,55,1,1267,521,1312,573,Jun24_1/24-20190702130130-snapshot.jpg
1,1,20190702,130200,61,1,1261,520,1307,576,Jun24_1/24-20190702130200-snapshot.jpg
1,1,20190702,130600,47,1,950,765,992,804,Jun24_1/24-20190702130600-snapshot.jpg
1,1,20190702,130630,30,1,1272,500,1317,556,Jun24_1/24-20190702130630-snapshot.jpg
1,1,20190702,130730,70,1,1265,565,1307,612,Jun24_1/24-20190702130730-snapshot.jpg
1,1,20190702,130830,74,1,1270,536,1313,588,Jun24_1/24-20190702130830-snapshot.jpg
1,1,20190702,130900,71,1,1269,540,1312,590,Jun24_1/24-20190702130900-snapshot.jpg
1,1,20190702,131000,78,1,1268,536,1311,588,Jun24_1/24-20190702131000-snapshot.jpg
1,1,20190702,131100,28,1,1271,542,1314,589,Jun24_1/24-20190702131100-snapshot.jpg
1,1,20190702,131130,59,1,1270,514,1315,569,Jun24_1/24-20190702131130-snapshot.jpg
1,1,20190702,131300,59,1,1268,542,1312,590,Jun24_1/24-20190702131300-snapshot.jpg
1,1,20190702,131430,36,1,1272,541,1314,589,Jun24_1/24-20190702131430-snapshot.jpg
1,1,20190702,131500,38,1,1272,520,1315,572,Jun24_1/24-20190702131500-snapshot.jpg
1,1,20190702,131530,42,1,1262,547,1305,598,Jun24_1/24-20190702131530-snapshot.jpg
1,1,20190702,131630,70,1,1278,562,1320,610,Jun24_1/24-20190702131630-snapshot.jpg
1,1,20190702,131700,79,1,1266,530,1310,583,Jun24_1/24-20190702131700-snapshot.jpg
1,1,20190702,131730,76,1,1267,533,1311,588,Jun24_1/24-20190702131730-snapshot.jpg
1,1,20190702,131800,81,1,1276,530,1320,583,Jun24_1/24-20190702131800-snapshot.jpg
1,1,20190702,131830,69,1,1267,531,1312,586,Jun24_1/24-20190702131830-snapshot.jpg
1,1,20190702,131900,31,1,1262,534,1306,587,Jun24_1/24-20190702131900-snapshot.jpg
1,1,20190702,131930,72,1,1284,531,1329,586,Jun24_1/24-20190702131930-snapshot.jpg
1,1,20190702,132000,78,1,1268,528,1312,581,Jun24_1/24-20190702132000-snapshot.jpg
1,1,20190702,132030,42,1,1272,543,1313,590,Jun24_1/24-20190702132030-snapshot.jpg
1,1,20190702,132100,25,1,1279,523,1322,574,Jun24_1/24-20190702132100-snapshot.jpg
1,1,20190702,132130,83,1,1272,531,1316,582,Jun24_1/24-20190702132130-snapshot.jpg
1,1,20190702,132300,35,1,1267,521,1311,573,Jun24_1/24-20190702132300-snapshot.jpg
1,1,20190702,132330,31,1,1263,534,1305,586,Jun24_1/24-20190702132330-snapshot.jpg
1,1,20190702,132400,52,1,1261,518,1306,569,Jun24_1/24-20190702132400-snapshot.jpg
1,1,20190702,132430,69,1,1266,533,1309,585,Jun24_1/24-20190702132430-snapshot.jpg
1,1,20190702,132500,71,1,1316,491,1362,548,Jun24_1/24-20190702132500-snapshot.jpg
1,1,20190702,132530,52,1,1264,520,1310,576,Jun24_1/24-20190702132530-snapshot.jpg
1,1,20190702,132630,79,1,1275,528,1320,581,Jun24_1/24-20190702132630-snapshot.jpg
1,1,20190702,132730,43,1,1275,524,1321,579,Jun24_1/24-20190702132730-snapshot.jpg
1,1,20190702,132900,50,1,1272,516,1315,568,Jun24_1/24-20190702132900-snapshot.jpg
1,1,20190702,133000,40,1,1277,522,1323,577,Jun24_1/24-20190702133000-snapshot.jpg
1,1,20190702,133130,74,1,1280,522,1326,577,Jun24_1/24-20190702133130-snapshot.jpg
1,1,20190702,133200,63,1,1276,522,1322,577,Jun24_1/24-20190702133200-snapshot.jpg
1,1,20190702,133230,38,1,1269,517,1315,571,Jun24_1/24-20190702133230-snapshot.jpg
1,1,20190702,133300,51,1,1262,507,1306,558,Jun24_1/24-20190702133300-snapshot.jpg
1,1,20190702,133600,80,1,1270,524,1314,577,Jun24_1/24-20190702133600-snapshot.jpg
1,1,20190702,133630,67,1,1270,526,1315,579,Jun24_1/24-20190702133630-snapshot.jpg
1,1,20190702,133730,77,1,1262,519,1306,569,Jun24_1/24-20190702133730-snapshot.jpg
1,1,20190702,133800,74,1,1263,520,1306,571,Jun24_1/24-20190702133800-snapshot.jpg
1,1,20190702,133830,28,1,1264,521,1308,572,Jun24_1/24-20190702133830-snapshot.jpg
1,1,20190702,133900,37,1,1272,517,1317,569,Jun24_1/24-20190702133900-snapshot.jpg
1,1,20190702,133930,67,1,1261,508,1305,562,Jun24_1/24-20190702133930-snapshot.jpg
1,1,20190702,134030,78,1,1262,519,1306,571,Jun24_1/24-20190702134030-snapshot.jpg
1,1,20190702,134630,70,1,1262,530,1306,581,Jun24_1/24-20190702134630-snapshot.jpg
1,1,20190702,134700,45,1,1270,524,1314,577,Jun24_1/24-20190702134700-snapshot.jpg
1,1,20190702,134800,42,1,1259,512,1303,565,Jun24_1/24-20190702134800-snapshot.jpg
1,1,20190702,134900,55,1,1264,516,1309,569,Jun24_1/24-20190702134900-snapshot.jpg
1,1,20190702,135000,28,1,1251,526,1293,575,Jun24_1/24-20190702135000-snapshot.jpg
1,1,20190702,135100,53,1,1254,524,1297,576,Jun24_1/24-20190702135100-snapshot.jpg
1,1,20190702,135130,57,1,1254,527,1297,577,Jun24_1/24-20190702135130-snapshot.jpg
1,1,20190702,135200,37,1,1259,521,1301,571,Jun24_1/24-20190702135200-snapshot.jpg
1,1,20190702,135230,60,1,1260,524,1302,575,Jun24_1/24-20190702135230-snapshot.jpg
1,1,20190702,135300,41,1,1263,524,1307,575,Jun24_1/24-20190702135300-snapshot.jpg
1,1,20190702,135330,52,1,1264,509,1308,564,Jun24_1/24-20190702135330-snapshot.jpg
1,1,20190702,135500,73,1,1259,516,1302,568,Jun24_1/24-20190702135500-snapshot.jpg
1,1,20190702,135530,68,1,1262,517,1307,570,Jun24_1/24-20190702135530-snapshot.jpg
1,1,20190702,135600,64,1,1256,511,1301,566,Jun24_1/24-20190702135600-snapshot.jpg
1,1,20190702,135700,71,1,1263,509,1306,563,Jun24_1/24-20190702135700-snapshot.jpg
1,1,20190702,135800,30,1,1302,551,1345,603,Jun24_1/24-20190702135800-snapshot.jpg
1,1,20190702,140800,48,1,1276,525,1320,578,Jun24_1/24-20190702140800-snapshot.jpg
1,1,20190702,140900,39,1,1258,520,1304,573,Jun24_1/24-20190702140900-snapshot.jpg
1,1,20190702,140930,30,1,1265,516,1311,568,Jun24_1/24-20190702140930-snapshot.jpg
1,1,20190702,141030,69,1,1255,514,1298,567,Jun24_1/24-20190702141030-snapshot.jpg
1,1,20190702,141630,72,1,1262,506,1306,559,Jun24_1/24-20190702141630-snapshot.jpg
1,1,20190702,141700,50,1,1263,504,1306,559,Jun24_1/24-20190702141700-snapshot.jpg
1,1,20190702,141730,27,1,1269,504,1313,559,Jun24_1/24-20190702141730-snapshot.jpg
1,1,20190702,141830,69,1,1261,506,1304,561,Jun24_1/24-20190702141830-snapshot.jpg
1,1,20190702,142100,46,1,1266,510,1311,566,Jun24_1/24-20190702142100-snapshot.jpg
1,1,20190702,142130,56,1,1264,512,1308,566,Jun24_1/24-20190702142130-snapshot.jpg
1,1,20190702,142230,49,1,1261,508,1305,561,Jun24_1/24-20190702142230-snapshot.jpg
1,1,20190702,142330,45,1,1265,513,1309,566,Jun24_1/24-20190702142330-snapshot.jpg
1,1,20190702,142400,39,1,1262,494,1305,546,Jun24_1/24-20190702142400-snapshot.jpg
1,1,20190702,142530,64,1,1275,522,1319,576,Jun24_1/24-20190702142530-snapshot.jpg
1,1,20190702,142600,76,1,1269,517,1314,571,Jun24_1/24-20190702142600-snapshot.jpg
1,1,20190702,142630,46,1,1271,522,1315,571,Jun24_1/24-20190702142630-snapshot.jpg
1,1,20190702,142700,65,1,1267,519,1312,571,Jun24_1/24-20190702142700-snapshot.jpg
1,1,20190702,142800,32,1,1263,526,1307,577,Jun24_1/24-20190702142800-snapshot.jpg
1,1,20190702,142930,32,1,1277,530,1322,583,Jun24_1/24-20190702142930-snapshot.jpg
1,1,20190702,143000,61,1,1267,522,1311,574,Jun24_1/24-20190702143000-snapshot.jpg
1,1,20190702,143030,67,1,1257,516,1300,568,Jun24_1/24-20190702143030-snapshot.jpg
1,1,20190702,143200,52,1,1256,513,1300,567,Jun24_1/24-20190702143200-snapshot.jpg
1,1,20190702,143300,63,1,1278,526,1324,581,Jun24_1/24-20190702143300-snapshot.jpg
1,1,20190702,143330,73,1,1263,507,1308,562,Jun24_1/24-20190702143330-snapshot.jpg
1,1,20190702,143400,50,1,1262,524,1305,575,Jun24_1/24-20190702143400-snapshot.jpg
1,1,20190702,143500,27,1,1285,505,1331,562,Jun24_1/24-20190702143500-snapshot.jpg
1,1,20190702,143630,80,1,1267,514,1312,569,Jun24_1/24-20190702143630-snapshot.jpg
1,1,20190702,143700,78,1,1267,517,1313,571,Jun24_1/24-20190702143700-snapshot.jpg
1,1,20190702,143730,49,1,1262,509,1306,564,Jun24_1/24-20190702143730-snapshot.jpg
1,1,20190702,143830,28,1,1264,522,1308,574,Jun24_1/24-20190702143830-snapshot.jpg
1,1,20190702,143900,73,1,1263,515,1308,569,Jun24_1/24-20190702143900-snapshot.jpg
1,1,20190702,143930,80,1,1287,516,1332,573,Jun24_1/24-20190702143930-snapshot.jpg
1,1,20190702,144000,70,1,1260,514,1306,569,Jun24_1/24-20190702144000-snapshot.jpg
1,1,20190702,144030,74,1,1262,513,1307,568,Jun24_1/24-20190702144030-snapshot.jpg
1,1,20190702,144100,61,1,1276,526,1320,578,Jun24_1/24-20190702144100-snapshot.jpg
1,1,20190702,144130,65,1,1263,515,1307,567,Jun24_1/24-20190702144130-snapshot.jpg
1,1,20190702,144200,56,1,1281,529,1325,581,Jun24_1/24-20190702144200-snapshot.jpg
1,1,20190702,144330,65,1,1265,516,1310,570,Jun24_1/24-20190702144330-snapshot.jpg
1,1,20190702,144400,28,1,1264,513,1309,567,Jun24_1/24-20190702144400-snapshot.jpg
1,1,20190702,144430,56,1,1259,523,1303,575,Jun24_1/24-20190702144430-snapshot.jpg
1,1,20190702,144500,78,1,1271,515,1314,568,Jun24_1/24-20190702144500-snapshot.jpg
1,1,20190702,144530,65,1,1266,515,1312,570,Jun24_1/24-20190702144530-snapshot.jpg
1,1,20190702,144600,52,1,1262,521,1306,573,Jun24_1/24-20190702144600-snapshot.jpg
1,1,20190702,144700,64,1,1264,519,1309,572,Jun24_1/24-20190702144700-snapshot.jpg
1,1,20190702,144730,68,1,1279,526,1322,578,Jun24_1/24-20190702144730-snapshot.jpg
1,1,20190702,144930,36,1,1273,512,1316,564,Jun24_1/24-20190702144930-snapshot.jpg
1,1,20190702,145200,72,1,1282,516,1328,569,Jun24_1/24-20190702145200-snapshot.jpg
1,1,20190702,145330,38,1,1264,518,1309,568,Jun24_1/24-20190702145330-snapshot.jpg
1,1,20190702,145630,25,1,1250,531,1293,581,Jun24_1/24-20190702145630-snapshot.jpg
1,1,20190702,150100,30,1,1261,517,1302,567,Jun24_1/24-20190702150100-snapshot.jpg
1,1,20190702,150200,44,1,1251,506,1294,557,Jun24_1/24-20190702150200-snapshot.jpg
1,1,20190702,150230,45,1,1255,525,1298,576,Jun24_1/24-20190702150230-snapshot.jpg
1,1,20190702,150300,73,1,1257,517,1300,567,Jun24_1/24-20190702150300-snapshot.jpg
1,1,20190702,150330,70,1,1257,513,1300,565,Jun24_1/24-20190702150330-snapshot.jpg
1,1,20190702,150400,67,1,1267,537,1311,588,Jun24_1/24-20190702150400-snapshot.jpg
1,1,20190702,150500,63,1,1270,521,1315,574,Jun24_1/24-20190702150500-snapshot.jpg
1,1,20190702,150530,35,1,1258,502,1301,556,Jun24_1/24-20190702150530-snapshot.jpg
1,1,20190702,150630,32,1,1271,501,1316,557,Jun24_1/24-20190702150630-snapshot.jpg
1,1,20190702,150700,28,1,1271,518,1314,568,Jun24_1/24-20190702150700-snapshot.jpg
1,1,20190702,150830,30,1,1266,531,1309,583,Jun24_1/24-20190702150830-snapshot.jpg
1,1,20190702,150900,28,1,1267,512,1310,564,Jun24_1/24-20190702150900-snapshot.jpg
1,1,20190702,150930,39,1,1267,521,1312,574,Jun24_1/24-20190702150930-snapshot.jpg
1,1,20190702,151030,32,1,1260,523,1302,572,Jun24_1/24-20190702151030-snapshot.jpg
1,1,20190702,151130,39,1,1266,507,1309,560,Jun24_1/24-20190702151130-snapshot.jpg
1,1,20190702,151330,34,1,1262,498,1304,550,Jun24_1/24-20190702151330-snapshot.jpg
1,1,20190702,151400,66,1,1264,509,1306,563,Jun24_1/24-20190702151400-snapshot.jpg
1,1,20190702,151500,75,1,1261,517,1303,566,Jun24_1/24-20190702151500-snapshot.jpg
1,1,20190702,151600,71,1,1260,508,1304,563,Jun24_1/24-20190702151600-snapshot.jpg
1,1,20190702,152130,77,1,1260,506,1304,559,Jun24_1/24-20190702152130-snapshot.jpg
1,1,20190702,152200,59,1,1257,511,1301,566,Jun24_1/24-20190702152200-snapshot.jpg
1,1,20190702,152230,59,1,1263,515,1307,566,Jun24_1/24-20190702152230-snapshot.jpg
1,1,20190702,152400,73,1,1263,502,1308,558,Jun24_1/24-20190702152400-snapshot.jpg
1,1,20190702,152430,50,1,1271,507,1315,561,Jun24_1/24-20190702152430-snapshot.jpg
1,1,20190702,152500,38,1,1266,499,1309,553,Jun24_1/24-20190702152500-snapshot.jpg
1,1,20190702,152630,46,1,1262,516,1307,569,Jun24_1/24-20190702152630-snapshot.jpg
1,1,20190702,153100,65,1,1270,538,1314,590,Jun24_1/24-20190702153100-snapshot.jpg
1,1,20190702,153130,45,1,1260,527,1303,576,Jun24_1/24-20190702153130-snapshot.jpg
1,1,20190702,153230,84,1,832,155,873,194,Jun24_1/24-20190702153230-snapshot.jpg
1,1,20190702,153300,78,1,209,437,249,475,Jun24_1/24-20190702153300-snapshot.jpg
1,1,20190702,153800,48,1,1260,525,1303,573,Jun24_1/24-20190702153800-snapshot.jpg
1,1,20190702,153830,44,1,1262,526,1304,573,Jun24_1/24-20190702153830-snapshot.jpg
1,1,20190702,153900,28,1,1264,519,1305,566,Jun24_1/24-20190702153900-snapshot.jpg
1,1,20190702,154130,41,1,1262,508,1305,561,Jun24_1/24-20190702154130-snapshot.jpg
1,1,20190702,154500,55,1,1261,517,1303,569,Jun24_1/24-20190702154500-snapshot.jpg
1,1,20190702,154530,55,1,1273,518,1315,568,Jun24_1/24-20190702154530-snapshot.jpg
1,1,20190702,154700,28,1,1271,506,1314,559,Jun24_1/24-20190702154700-snapshot.jpg
1,1,20190702,154730,38,1,1281,505,1329,561,Jun24_1/24-20190702154730-snapshot.jpg
1,1,20190702,154830,52,1,1263,512,1305,563,Jun24_1/24-20190702154830-snapshot.jpg
1,1,20190702,155230,77,1,1269,516,1313,568,Jun24_1/24-20190702155230-snapshot.jpg
1,1,20190702,155300,46,1,1268,510,1310,562,Jun24_1/24-20190702155300-snapshot.jpg
1,1,20190702,155400,69,1,1275,511,1319,565,Jun24_1/24-20190702155400-snapshot.jpg
1,1,20190702,155430,71,1,1271,512,1314,563,Jun24_1/24-20190702155430-snapshot.jpg
1,1,20190702,155500,81,1,1273,509,1317,564,Jun24_1/24-20190702155500-snapshot.jpg
1,1,20190702,155530,44,1,1264,507,1308,559,Jun24_1/24-20190702155530-snapshot.jpg
1,1,20190702,155600,33,1,1277,513,1319,563,Jun24_1/24-20190702155600-snapshot.jpg
1,1,20190702,155700,74,1,1281,507,1325,560,Jun24_1/24-20190702155700-snapshot.jpg
1,1,20190702,160000,69,1,1270,509,1314,564,Jun24_1/24-20190702160000-snapshot.jpg
1,1,20190702,160230,51,1,1267,510,1312,564,Jun24_1/24-20190702160230-snapshot.jpg
1,1,20190702,160400,80,1,1269,519,1313,570,Jun24_1/24-20190702160400-snapshot.jpg
1,1,20190702,160600,42,1,1267,511,1311,562,Jun24_1/24-20190702160600-snapshot.jpg
1,1,20190702,160630,58,1,1278,524,1321,575,Jun24_1/24-20190702160630-snapshot.jpg
1,1,20190702,160700,52,1,1269,517,1314,570,Jun24_1/24-20190702160700-snapshot.jpg
1,1,20190702,160730,82,1,1274,520,1317,571,Jun24_1/24-20190702160730-snapshot.jpg
1,1,20190702,160800,27,1,1264,521,1309,571,Jun24_1/24-20190702160800-snapshot.jpg
1,1,20190702,161930,34,1,1266,512,1311,566,Jun24_1/24-20190702161930-snapshot.jpg
1,1,20190702,162530,54,1,1266,507,1309,558,Jun24_1/24-20190702162530-snapshot.jpg
1,1,20190702,162600,56,1,1263,520,1306,568,Jun24_1/24-20190702162600-snapshot.jpg
1,1,20190702,162930,32,1,330,608,371,648,Jun24_1/24-20190702162930-snapshot.jpg
1,1,20190702,163230,69,1,1271,514,1314,564,Jun24_1/24-20190702163230-snapshot.jpg
1,1,20190702,164630,40,1,1266,504,1310,557,Jun24_1/24-20190702164630-snapshot.jpg
1,1,20190702,165630,37,1,1270,515,1314,567,Jun24_1/24-20190702165630-snapshot.jpg
1,1,20190702,165900,29,1,1261,512,1302,563,Jun24_1/24-20190702165900-snapshot.jpg
1,1,20190702,165930,57,1,1261,512,1303,563,Jun24_1/24-20190702165930-snapshot.jpg
1,1,20190702,170030,27,1,1264,502,1308,555,Jun24_1/24-20190702170030-snapshot.jpg
1,1,20190702,170500,33,1,1258,513,1302,565,Jun24_1/24-20190702170500-snapshot.jpg
1,1,20190702,170700,45,1,1269,520,1312,573,Jun24_1/24-20190702170700-snapshot.jpg
1,1,20190702,171600,71,1,1274,508,1316,559,Jun24_1/24-20190702171600-snapshot.jpg
1,1,20190702,172000,28,1,1282,519,1325,569,Jun24_1/24-20190702172000-snapshot.jpg
1,1,20190702,172930,44,1,1268,527,1311,577,Jun24_1/24-20190702172930-snapshot.jpg
1,1,20190702,173030,73,1,1269,529,1312,579,Jun24_1/24-20190702173030-snapshot.jpg
1,1,20190702,173130,65,1,1268,518,1311,568,Jun24_1/24-20190702173130-snapshot.jpg
1,1,20190702,173430,31,1,1278,528,1322,580,Jun24_1/24-20190702173430-snapshot.jpg
1,1,20190702,173500,57,1,1274,523,1317,575,Jun24_1/24-20190702173500-snapshot.jpg
1,1,20190702,173700,28,1,1272,518,1314,568,Jun24_1/24-20190702173700-snapshot.jpg
1,1,20190702,174930,83,1,1269,530,1312,579,Jun24_1/24-20190702174930-snapshot.jpg
1,1,20190702,175000,43,1,1263,523,1306,571,Jun24_1/24-20190702175000-snapshot.jpg
1,1,20190702,175130,41,1,1274,522,1316,573,Jun24_1/24-20190702175130-snapshot.jpg
1,1,20190702,175500,56,1,1261,510,1303,563,Jun24_1/24-20190702175500-snapshot.jpg
1,1,20190702,181130,32,1,1264,525,1306,572,Jun24_1/24-20190702181130-snapshot.jpg
1,1,20190702,182200,80,1,978,540,1019,585,Jun24_1/24-20190702182200-snapshot.jpg
1,1,20190702,183000,29,1,101,292,144,334,Jun24_1/24-20190702183000-snapshot.jpg
1,1,20190702,183000,42,1,1272,507,1315,556,Jun24_1/24-20190702183000-snapshot.jpg
1,1,20190702,183030,26,1,100,292,143,334,Jun24_1/24-20190702183030-snapshot.jpg
1,1,20190702,183130,65,1,1262,512,1304,561,Jun24_1/24-20190702183130-snapshot.jpg
1,1,20190702,183200,44,1,1264,516,1307,564,Jun24_1/24-20190702183200-snapshot.jpg
1,1,20190702,183300,44,1,1265,520,1307,564,Jun24_1/24-20190702183300-snapshot.jpg
1,1,20190702,183330,65,1,1265,523,1307,569,Jun24_1/24-20190702183330-snapshot.jpg
1,1,20190702,183430,64,1,1272,521,1315,566,Jun24_1/24-20190702183430-snapshot.jpg
1,1,20190702,183500,70,1,1271,521,1313,566,Jun24_1/24-20190702183500-snapshot.jpg
1,1,20190702,183530,58,1,1263,523,1303,567,Jun24_1/24-20190702183530-snapshot.jpg
1,1,20190702,183600,31,1,1271,514,1315,562,Jun24_1/24-20190702183600-snapshot.jpg
1,1,20190702,183630,35,1,1264,514,1306,561,Jun24_1/24-20190702183630-snapshot.jpg
1,1,20190702,183700,28,1,1264,521,1304,565,Jun24_1/24-20190702183700-snapshot.jpg
1,1,20190702,183730,34,1,1266,520,1309,566,Jun24_1/24-20190702183730-snapshot.jpg
1,1,20190702,183800,70,1,1268,523,1311,569,Jun24_1/24-20190702183800-snapshot.jpg
1,1,20190702,183830,52,1,1268,510,1311,562,Jun24_1/24-20190702183830-snapshot.jpg
1,1,20190702,184000,69,1,1269,521,1311,570,Jun24_1/24-20190702184000-snapshot.jpg
1,1,20190702,184030,75,1,1269,522,1312,571,Jun24_1/24-20190702184030-snapshot.jpg
1,1,20190702,184230,42,1,1272,507,1315,559,Jun24_1/24-20190702184230-snapshot.jpg
1,1,20190702,184400,48,1,1280,526,1324,577,Jun24_1/24-20190702184400-snapshot.jpg
1,1,20190702,184700,49,1,1264,519,1306,567,Jun24_1/24-20190702184700-snapshot.jpg
1,1,20190702,184730,54,1,1262,511,1305,561,Jun24_1/24-20190702184730-snapshot.jpg
1,1,20190702,184830,80,1,1270,519,1312,568,Jun24_1/24-20190702184830-snapshot.jpg
1,1,20190702,185700,62,1,1274,524,1317,573,Jun24_1/24-20190702185700-snapshot.jpg
1,1,20190702,185730,83,1,1276,520,1320,571,Jun24_1/24-20190702185730-snapshot.jpg
1,1,20190702,185800,56,1,1273,519,1316,568,Jun24_1/24-20190702185800-snapshot.jpg
1,1,20190702,185830,51,1,1267,510,1315,567,Jun24_1/24-20190702185830-snapshot.jpg
1,1,20190702,185930,81,1,1277,519,1322,573,Jun24_1/24-20190702185930-snapshot.jpg
1,1,20190702,190030,76,1,1273,517,1321,573,Jun24_1/24-20190702190030-snapshot.jpg
1,1,20190702,190130,59,1,1263,529,1308,582,Jun24_1/24-20190702190130-snapshot.jpg
1,1,20190702,190230,40,1,1270,520,1315,572,Jun24_1/24-20190702190230-snapshot.jpg
1,1,20190702,190300,43,1,1271,508,1315,561,Jun24_1/24-20190702190300-snapshot.jpg
1,1,20190702,190400,68,1,1253,506,1296,556,Jun24_1/24-20190702190400-snapshot.jpg
1,1,20190702,190530,55,1,1268,521,1311,571,Jun24_1/24-20190702190530-snapshot.jpg
1,1,20190702,190630,50,1,1267,524,1310,575,Jun24_1/24-20190702190630-snapshot.jpg
1,1,20190702,190730,52,1,1259,504,1303,556,Jun24_1/24-20190702190730-snapshot.jpg
1,1,20190702,190800,70,1,1264,519,1306,568,Jun24_1/24-20190702190800-snapshot.jpg
1,1,20190702,190930,65,1,1274,519,1316,568,Jun24_1/24-20190702190930-snapshot.jpg
1,1,20190702,191000,69,1,1268,516,1310,566,Jun24_1/24-20190702191000-snapshot.jpg
1,1,20190702,191030,71,1,1269,521,1312,571,Jun24_1/24-20190702191030-snapshot.jpg
1,1,20190702,191300,62,1,1267,528,1311,580,Jun24_1/24-20190702191300-snapshot.jpg
1,1,20190702,191330,81,1,1270,528,1312,578,Jun24_1/24-20190702191330-snapshot.jpg
1,1,20190702,191400,69,1,1263,529,1305,577,Jun24_1/24-20190702191400-snapshot.jpg
1,1,20190702,191430,74,1,1268,533,1311,585,Jun24_1/24-20190702191430-snapshot.jpg
1,1,20190702,191500,83,1,1271,525,1314,573,Jun24_1/24-20190702191500-snapshot.jpg
1,1,20190702,191530,76,1,1270,524,1314,573,Jun24_1/24-20190702191530-snapshot.jpg
1,1,20190702,194430,41,1,1264,506,1308,560,Jun24_1/24-20190702194430-snapshot.jpg
1,1,20190702,200300,60,1,1276,512,1319,562,Jun24_1/24-20190702200300-snapshot.jpg
1,1,20190702,200330,51,1,1264,507,1308,557,Jun24_1/24-20190702200330-snapshot.jpg
1,1,20190702,200400,79,1,1262,499,1306,549,Jun24_1/24-20190702200400-snapshot.jpg
1,1,20190702,200430,74,1,1266,498,1309,547,Jun24_1/24-20190702200430-snapshot.jpg
1,1,20190702,200500,60,1,1267,492,1310,544,Jun24_1/24-20190702200500-snapshot.jpg
1,1,20190702,200830,44,1,1260,491,1303,541,Jun24_1/24-20190702200830-snapshot.jpg
1,1,20190702,200930,33,1,1258,482,1302,534,Jun24_1/24-20190702200930-snapshot.jpg
1,1,20190702,201200,25,1,1265,493,1307,546,Jun24_1/24-20190702201200-snapshot.jpg
1,1,20190702,201530,58,1,1258,479,1302,533,Jun24_1/24-20190702201530-snapshot.jpg
1,1,20190702,202430,65,1,1267,519,1311,571,Jun24_1/24-20190702202430-snapshot.jpg
1,1,20190702,202530,71,1,1274,495,1320,551,Jun24_1/24-20190702202530-snapshot.jpg
1,1,20190702,202600,71,1,1278,494,1322,549,Jun24_1/24-20190702202600-snapshot.jpg
1,1,20190702,202630,60,1,1280,498,1325,554,Jun24_1/24-20190702202630-snapshot.jpg
1,1,20190702,202700,68,1,1269,491,1311,545,Jun24_1/24-20190702202700-snapshot.jpg
1,1,20190702,202900,73,1,1273,496,1318,551,Jun24_1/24-20190702202900-snapshot.jpg
1,1,20190702,202930,30,1,1274,511,1318,565,Jun24_1/24-20190702202930-snapshot.jpg
1,1,20190702,203000,63,1,1274,490,1318,546,Jun24_1/24-20190702203000-snapshot.jpg
1,1,20190702,203300,32,1,1270,479,1315,535,Jun24_1/24-20190702203300-snapshot.jpg
1,1,20190702,203330,40,1,1270,490,1314,545,Jun24_1/24-20190702203330-snapshot.jpg
1,1,20190702,203400,60,1,1274,497,1318,551,Jun24_1/24-20190702203400-snapshot.jpg
1,1,20190702,203430,57,1,1273,480,1317,534,Jun24_1/24-20190702203430-snapshot.jpg
1,1,20190702,203500,50,1,1274,498,1318,552,Jun24_1/24-20190702203500-snapshot.jpg
1,1,20190702,203730,44,1,1262,506,1305,555,Jun24_1/24-20190702203730-snapshot.jpg
1,1,20190702,203800,73,1,1268,506,1312,556,Jun24_1/24-20190702203800-snapshot.jpg
1,1,20190702,203830,73,1,1267,506,1310,556,Jun24_1/24-20190702203830-snapshot.jpg
1,1,20190702,203900,30,1,1265,504,1307,552,Jun24_1/24-20190702203900-snapshot.jpg
1,1,20190702,203930,42,1,1264,504,1306,550,Jun24_1/24-20190702203930-snapshot.jpg
1,1,20190702,204000,51,1,1266,503,1309,551,Jun24_1/24-20190702204000-snapshot.jpg
1,1,20190702,204030,57,1,1263,502,1305,548,Jun24_1/24-20190702204030-snapshot.jpg
1,1,20190702,204100,39,1,1261,500,1304,547,Jun24_1/24-20190702204100-snapshot.jpg
1,1,20190702,204130,53,1,1268,494,1311,543,Jun24_1/24-20190702204130-snapshot.jpg
1,1,20190702,204200,57,1,1267,501,1309,548,Jun24_1/24-20190702204200-snapshot.jpg
1,1,20190702,204300,41,1,1261,502,1304,550,Jun24_1/24-20190702204300-snapshot.jpg
1,1,20190702,204330,67,1,1262,500,1305,547,Jun24_1/24-20190702204330-snapshot.jpg
1,1,20190702,204430,70,1,1261,499,1304,547,Jun24_1/24-20190702204430-snapshot.jpg
1,1,20190702,204500,47,1,1262,501,1303,547,Jun24_1/24-20190702204500-snapshot.jpg
1,1,20190702,204700,79,1,1266,508,1309,556,Jun24_1/24-20190702204700-snapshot.jpg
1,1,20190702,204730,31,1,1260,502,1302,548,Jun24_1/24-20190702204730-snapshot.jpg
1,1,20190702,204800,71,1,1261,501,1303,548,Jun24_1/24-20190702204800-snapshot.jpg
1,1,20190702,204900,44,1,1261,498,1303,543,Jun24_1/24-20190702204900-snapshot.jpg
1,1,20190702,205030,60,1,1265,512,1307,561,Jun24_1/24-20190702205030-snapshot.jpg
1,1,20190702,205100,62,1,1264,502,1306,549,Jun24_1/24-20190702205100-snapshot.jpg
1,1,20190702,205130,67,1,1262,507,1305,556,Jun24_1/24-20190702205130-snapshot.jpg
1,1,20190702,205200,33,1,1259,506,1301,552,Jun24_1/24-20190702205200-snapshot.jpg
1,1,20190702,205400,67,1,1258,510,1301,561,Jun24_1/24-20190702205400-snapshot.jpg
1,1,20190702,205430,63,1,1255,508,1298,557,Jun24_1/24-20190702205430-snapshot.jpg
1,1,20190702,205500,55,1,1257,507,1300,556,Jun24_1/24-20190702205500-snapshot.jpg
1,1,20190702,205600,79,1,1267,509,1310,557,Jun24_1/24-20190702205600-snapshot.jpg
1,1,20190702,205630,50,1,1258,503,1300,550,Jun24_1/24-20190702205630-snapshot.jpg
1,1,20190702,205700,33,1,1256,501,1298,546,Jun24_1/24-20190702205700-snapshot.jpg
1,1,20190702,205730,46,1,1263,503,1305,550,Jun24_1/24-20190702205730-snapshot.jpg
1,1,20190702,205930,55,1,1257,506,1303,557,Jun24_1/24-20190702205930-snapshot.jpg
1,1,20190702,210000,47,1,1263,522,1306,570,Jun24_1/24-20190702210000-snapshot.jpg
1,1,20190702,210630,43,1,1261,508,1304,553,Jun24_1/24-20190702210630-snapshot.jpg
1,1,20190703,052200,37,1,1245,516,1291,570,Jun24_1/27-20190703052200-snapshot.jpg
1,1,20190703,060100,37,4,732,658,842,751,Jun24_1/27-20190703060100-snapshot.jpg
1,1,20190703,060130,72,4,728,667,840,752,Jun24_1/27-20190703060130-snapshot.jpg
1,1,20190703,060200,49,4,726,666,840,754,Jun24_1/27-20190703060200-snapshot.jpg
1,1,20190703,060230,29,4,723,671,836,753,Jun24_1/27-20190703060230-snapshot.jpg
1,1,20190703,070000,42,1,245,906,291,946,Jun24_1/27-20190703070000-snapshot.jpg
1,1,20190703,070330,32,1,1258,518,1300,562,Jun24_1/27-20190703070330-snapshot.jpg
1,1,20190703,070500,58,1,1259,503,1301,548,Jun24_1/27-20190703070500-snapshot.jpg
1,1,20190703,070530,29,1,1256,506,1297,549,Jun24_1/27-20190703070530-snapshot.jpg
1,1,20190703,070600,31,1,1255,506,1296,550,Jun24_1/27-20190703070600-snapshot.jpg
1,1,20190703,070830,53,1,1259,524,1300,566,Jun24_1/27-20190703070830-snapshot.jpg
1,1,20190703,071030,33,1,1256,518,1297,561,Jun24_1/27-20190703071030-snapshot.jpg
1,1,20190703,071400,61,1,1249,525,1291,569,Jun24_1/27-20190703071400-snapshot.jpg
1,1,20190703,071600,42,1,1254,509,1298,555,Jun24_1/27-20190703071600-snapshot.jpg
1,1,20190703,071830,26,1,246,907,288,945,Jun24_1/27-20190703071830-snapshot.jpg
1,1,20190703,072000,30,1,1252,502,1294,546,Jun24_1/27-20190703072000-snapshot.jpg
1,1,20190703,072030,41,1,1251,502,1293,547,Jun24_1/27-20190703072030-snapshot.jpg
1,1,20190703,072200,51,1,1263,497,1305,542,Jun24_1/27-20190703072200-snapshot.jpg
1,1,20190703,072230,63,1,1251,504,1293,549,Jun24_1/27-20190703072230-snapshot.jpg
1,1,20190703,072330,40,1,1251,502,1292,547,Jun24_1/27-20190703072330-snapshot.jpg
1,1,20190703,072400,57,1,1252,514,1294,557,Jun24_1/27-20190703072400-snapshot.jpg
1,1,20190703,073430,78,1,1263,525,1305,571,Jun24_1/27-20190703073430-snapshot.jpg
1,1,20190703,073500,74,1,1259,517,1300,561,Jun24_1/27-20190703073500-snapshot.jpg
1,1,20190703,073530,31,1,1251,506,1292,550,Jun24_1/27-20190703073530-snapshot.jpg
