2,1,20190703,093500,83,1,285,437,334,480,Jul08_1/01-20190703093500-snapshot.jpg
2,1,20190703,093600,65,1,422,961,467,1010,Jul08_1/01-20190703093600-snapshot.jpg
2,1,20190703,093600,85,1,0,453,44,515,Jul08_1/01-20190703093600-snapshot.jpg
2,1,20190703,110000,87,4,717,536,821,655,Jul08_1/01-20190703110000-snapshot.jpg
2,1,20190703,121300,66,1,28,362,66,400,Jul08_1/01-20190703121300-snapshot.jpg
2,1,20190703,131630,51,1,1152,431,1190,468,Jul08_1/01-20190703131630-snapshot.jpg
2,1,20190703,131730,26,1,1152,431,1189,469,Jul08_1/01-20190703131730-snapshot.jpg
2,1,20190703,134930,28,1,1149,429,1187,468,Jul08_1/01-20190703134930-snapshot.jpg
2,1,20190703,143030,79,1,435,953,481,998,Jul08_1/01-20190703143030-snapshot.jpg
2,1,20190703,143130,81,1,1106,952,1152,998,Jul08_1/01-20190703143130-snapshot.jpg
2,1,20190703,143200,82,1,1303,915,1348,957,Jul08_1/01-20190703143200-snapshot.jpg
2,1,20190703,143330,82,1,1749,878,1799,925,Jul08_1/01-20190703143330-snapshot.jpg
2,1,20190703,145000,87,4,784,399,878,492,Jul08_1/01-20190703145000-snapshot.jpg
2,1,20190703,151200,86,1,1431,679,1481,737,Jul08_1/01-20190703151200-snapshot.jpg
2,1,20190703,161200,87,4,654,617,745,726,Jul08_1/01-20190703161200-snapshot.jpg
2,1,20190703,170800,81,1,1074,358,1119,401,Jul08_1/01-20190703170800-snapshot.jpg
2,1,20190703,171530,55,1,1133,110,1188,168,Jul08_1/01-20190703171530-snapshot.jpg
2,1,20190704,072330,29,1,1834,432,1891,488,Jul08_1/04-20190704072330-snapshot.jpg
2,1,20190704,084330,86,1,1606,853,1661,927,Jul08_1/04-20190704084330-snapshot.jpg
2,1,20190704,133000,83,1,1495,15,1545,62,Jul08_1/04-20190704133000-snapshot.jpg
2,1,20190704,133700,86,1,402,814,449,855,Jul08_1/04-20190704133700-snapshot.jpg
2,1,20190704,133800,87,1,465,619,505,654,Jul08_1/04-20190704133800-snapshot.jpg
2,1,20190704,133830,81,1,540,452,580,490,Jul08_1/04-20190704133830-snapshot.jpg
2,1,20190704,134400,84,1,709,419,752,462,Jul08_1/04-20190704134400-snapshot.jpg
2,1,20190704,134500,54,1,740,630,783,666,Jul08_1/04-20190704134500-snapshot.jpg
2,1,20190704,134830,66,1,1045,883,1080,917,Jul08_1/04-20190704134830-snapshot.jpg
2,1,20190704,135000,87,1,1076,712,1121,752,Jul08_1/04-20190704135000-snapshot.jpg
2,1,20190704,135630,85,1,876,700,919,741,Jul08_1/04-20190704135630-snapshot.jpg
2,1,20190704,135830,88,1,832,628,878,670,Jul08_1/04-20190704135830-snapshot.jpg
2,1,20190704,135900,88,1,841,602,887,643,Jul08_1/04-20190704135900-snapshot.jpg
2,1,20190704,135930,88,1,876,603,922,647,Jul08_1/04-20190704135930-snapshot.jpg
2,1,20190704,140000,87,1,872,607,921,653,Jul08_1/04-20190704140000-snapshot.jpg
2,1,20190704,140030,88,1,896,552,939,590,Jul08_1/04-20190704140030-snapshot.jpg
2,1,20190704,140100,87,1,888,521,933,564,Jul08_1/04-20190704140100-snapshot.jpg
2,1,20190704,140130,89,1,827,521,873,561,Jul08_1/04-20190704140130-snapshot.jpg
2,1,20190704,140200,77,1,814,516,850,552,Jul08_1/04-20190704140200-snapshot.jpg
2,1,20190704,140230,89,1,814,534,861,575,Jul08_1/04-20190704140230-snapshot.jpg
2,1,20190704,140300,89,1,847,517,896,562,Jul08_1/04-20190704140300-snapshot.jpg
2,1,20190704,140330,89,1,882,492,931,532,Jul08_1/04-20190704140330-snapshot.jpg
2,1,20190704,140400,86,1,948,422,994,465,Jul08_1/04-20190704140400-snapshot.jpg
2,1,20190704,140430,86,1,926,527,971,571,Jul08_1/04-20190704140430-snapshot.jpg
2,1,20190704,140500,88,1,879,493,925,532,Jul08_1/04-20190704140500-snapshot.jpg
2,1,20190704,140600,86,1,947,469,992,515,Jul08_1/04-20190704140600-snapshot.jpg
2,1,20190704,140700,86,1,875,972,917,1012,Jul08_1/04-20190704140700-snapshot.jpg
2,1,20190704,144300,87,4,844,483,924,568,Jul08_1/04-20190704144300-snapshot.jpg
2,1,20190704,145030,32,1,1265,762,1307,803,Jul08_1/04-20190704145030-snapshot.jpg
2,1,20190704,145100,83,1,1181,713,1223,747,Jul08_1/04-20190704145100-snapshot.jpg
2,1,20190704,145130,88,1,1058,777,1106,818,Jul08_1/04-20190704145130-snapshot.jpg
2,1,20190704,145200,74,1,999,919,1037,954,Jul08_1/04-20190704145200-snapshot.jpg
2,1,20190704,145230,79,1,781,936,826,978,Jul08_1/04-20190704145230-snapshot.jpg
2,1,20190704,151000,84,1,500,529,543,570,Jul08_1/04-20190704151000-snapshot.jpg
2,1,20190704,151130,83,1,489,827,534,866,Jul08_1/04-20190704151130-snapshot.jpg
2,1,20190704,151230,77,1,644,678,685,720,Jul08_1/04-20190704151230-snapshot.jpg
2,1,20190704,151400,88,1,815,546,860,586,Jul08_1/04-20190704151400-snapshot.jpg
2,1,20190704,151430,55,1,819,506,857,539,Jul08_1/04-20190704151430-snapshot.jpg
2,1,20190704,151530,85,1,837,429,881,466,Jul08_1/04-20190704151530-snapshot.jpg
2,1,20190704,151600,88,1,804,475,853,516,Jul08_1/04-20190704151600-snapshot.jpg
2,1,20190704,151630,88,1,844,535,887,582,Jul08_1/04-20190704151630-snapshot.jpg
2,1,20190704,151800,87,1,971,554,1015,607,Jul08_1/04-20190704151800-snapshot.jpg
2,1,20190704,152130,79,1,739,583,782,626,Jul08_1/04-20190704152130-snapshot.jpg
2,1,20190704,152200,34,1,566,652,605,686,Jul08_1/04-20190704152200-snapshot.jpg
2,1,20190704,152730,88,1,809,757,853,799,Jul08_1/04-20190704152730-snapshot.jpg
2,1,20190704,152800,86,1,703,727,745,768,Jul08_1/04-20190704152800-snapshot.jpg
2,1,20190704,152900,82,1,648,806,687,839,Jul08_1/04-20190704152900-snapshot.jpg
2,1,20190704,152930,59,1,568,805,606,842,Jul08_1/04-20190704152930-snapshot.jpg
2,1,20190704,153030,76,1,688,813,727,853,Jul08_1/04-20190704153030-snapshot.jpg
2,1,20190704,153600,81,1,802,1009,844,1052,Jul08_1/04-20190704153600-snapshot.jpg
2,1,20190704,153730,85,1,455,904,501,951,Jul08_1/04-20190704153730-snapshot.jpg
2,1,20190704,154030,85,1,191,905,235,951,Jul08_1/04-20190704154030-snapshot.jpg
2,1,20190704,160300,72,5,1757,4,1805,34,Jul08_1/04-20190704160300-snapshot.jpg
2,1,20190704,160330,74,5,1008,624,1048,663,Jul08_1/04-20190704160330-snapshot.jpg
2,1,20190704,160400,76,5,1010,621,1052,657,Jul08_1/04-20190704160400-snapshot.jpg
2,1,20190704,160430,69,5,1010,625,1052,660,Jul08_1/04-20190704160430-snapshot.jpg
2,1,20190704,161100,87,1,607,8,661,59,Jul08_1/04-20190704161100-snapshot.jpg
2,1,20190704,161130,83,1,597,25,646,71,Jul08_1/04-20190704161130-snapshot.jpg
2,1,20190704,161200,88,1,627,24,684,83,Jul08_1/04-20190704161200-snapshot.jpg
2,1,20190704,161300,81,1,779,36,831,91,Jul08_1/04-20190704161300-snapshot.jpg
2,1,20190704,161330,79,1,716,41,767,93,Jul08_1/04-20190704161330-snapshot.jpg
2,1,20190704,161400,77,1,860,97,906,143,Jul08_1/04-20190704161400-snapshot.jpg
2,1,20190704,181730,86,1,952,173,1000,220,Jul08_1/04-20190704181730-snapshot.jpg
2,1,20190704,182300,83,1,1020,488,1059,526,Jul08_1/04-20190704182300-snapshot.jpg
2,1,20190704,182330,86,1,1067,423,1113,474,Jul08_1/04-20190704182330-snapshot.jpg
2,1,20190704,182400,84,1,1001,311,1047,350,Jul08_1/04-20190704182400-snapshot.jpg
2,1,20190704,182430,85,1,879,246,924,295,Jul08_1/04-20190704182430-snapshot.jpg
2,1,20190704,182530,85,1,655,231,699,269,Jul08_1/04-20190704182530-snapshot.jpg
2,1,20190704,182600,83,1,588,194,631,230,Jul08_1/04-20190704182600-snapshot.jpg
2,1,20190704,182630,85,1,686,224,732,262,Jul08_1/04-20190704182630-snapshot.jpg
2,1,20190704,182700,82,1,911,277,954,321,Jul08_1/04-20190704182700-snapshot.jpg
2,1,20190704,182730,86,1,981,196,1029,244,Jul08_1/04-20190704182730-snapshot.jpg
2,1,20190705,061200,74,1,1554,264,1595,297,Jul08_1/10-20190705061200-snapshot.jpg
2,1,20190705,061230,73,1,1554,264,1594,297,Jul08_1/10-20190705061230-snapshot.jpg
2,1,20190705,061300,55,1,1555,265,1594,298,Jul08_1/10-20190705061300-snapshot.jpg
2,1,20190705,061330,71,1,1555,265,1595,298,Jul08_1/10-20190705061330-snapshot.jpg
2,1,20190705,061400,66,1,1556,265,1595,297,Jul08_1/10-20190705061400-snapshot.jpg
2,1,20190705,061430,45,1,1554,264,1594,297,Jul08_1/10-20190705061430-snapshot.jpg
2,1,20190705,065930,77,1,88,69,139,117,Jul08_1/10-20190705065930-snapshot.jpg
2,1,20190705,070030,77,1,563,73,607,111,Jul08_1/10-20190705070030-snapshot.jpg
2,1,20190705,070100,72,1,538,139,583,182,Jul08_1/10-20190705070100-snapshot.jpg
2,1,20190705,070230,77,1,315,204,359,242,Jul08_1/10-20190705070230-snapshot.jpg
2,1,20190705,070300,81,1,335,133,377,173,Jul08_1/10-20190705070300-snapshot.jpg
2,1,20190705,071330,62,1,323,71,366,110,Jul08_1/10-20190705071330-snapshot.jpg
2,1,20190705,071700,85,1,436,796,482,842,Jul08_1/10-20190705071700-snapshot.jpg
2,1,20190705,071830,27,1,1270,769,1319,824,Jul08_1/10-20190705071830-snapshot.jpg
2,1,20190705,071900,25,1,670,542,712,577,Jul08_1/10-20190705071900-snapshot.jpg
2,1,20190705,072000,28,1,1271,769,1319,824,Jul08_1/10-20190705072000-snapshot.jpg
2,1,20190705,072000,77,1,874,481,917,522,Jul08_1/10-20190705072000-snapshot.jpg
2,1,20190705,072030,57,1,874,565,913,604,Jul08_1/10-20190705072030-snapshot.jpg
2,1,20190705,072100,47,1,1270,768,1319,825,Jul08_1/10-20190705072100-snapshot.jpg
2,1,20190705,072130,43,1,1271,770,1318,824,Jul08_1/10-20190705072130-snapshot.jpg
2,1,20190705,072130,85,1,1062,624,1103,663,Jul08_1/10-20190705072130-snapshot.jpg
2,1,20190705,072200,57,1,1270,767,1320,826,Jul08_1/10-20190705072200-snapshot.jpg
2,1,20190705,072230,63,1,1271,769,1319,825,Jul08_1/10-20190705072230-snapshot.jpg
2,1,20190705,072230,79,1,849,633,893,673,Jul08_1/10-20190705072230-snapshot.jpg
2,1,20190705,072300,58,1,1270,769,1319,826,Jul08_1/10-20190705072300-snapshot.jpg
2,1,20190705,072330,46,1,1269,768,1318,826,Jul08_1/10-20190705072330-snapshot.jpg
2,1,20190705,072400,56,1,1269,768,1319,826,Jul08_1/10-20190705072400-snapshot.jpg
2,1,20190705,072430,61,1,1270,769,1318,826,Jul08_1/10-20190705072430-snapshot.jpg
2,1,20190705,072500,30,1,1673,243,1714,281,Jul08_1/10-20190705072500-snapshot.jpg
2,1,20190705,072500,53,1,1269,768,1319,826,Jul08_1/10-20190705072500-snapshot.jpg
2,1,20190705,072530,59,1,1270,769,1318,826,Jul08_1/10-20190705072530-snapshot.jpg
2,1,20190705,072600,59,1,1270,769,1318,826,Jul08_1/10-20190705072600-snapshot.jpg
2,1,20190705,072600,67,1,152,459,193,497,Jul08_1/10-20190705072600-snapshot.jpg
2,1,20190705,072630,35,1,1427,287,1466,321,Jul08_1/10-20190705072630-snapshot.jpg
2,1,20190705,072630,67,1,1270,768,1319,826,Jul08_1/10-20190705072630-snapshot.jpg
2,1,20190705,072700,27,1,1427,287,1466,321,Jul08_1/10-20190705072700-snapshot.jpg
2,1,20190705,072700,58,1,1270,769,1319,826,Jul08_1/10-20190705072700-snapshot.jpg
2,1,20190705,072730,27,1,1427,286,1466,321,Jul08_1/10-20190705072730-snapshot.jpg
2,1,20190705,072730,51,1,1271,769,1319,825,Jul08_1/10-20190705072730-snapshot.jpg
2,1,20190705,072800,73,1,1271,769,1319,825,Jul08_1/10-20190705072800-snapshot.jpg
2,1,20190705,081230,77,1,1276,773,1329,830,Jul08_1/10-20190705081230-snapshot.jpg
2,1,20190705,081400,85,1,1130,600,1170,636,Jul08_1/10-20190705081400-snapshot.jpg
2,1,20190705,081430,57,1,992,592,1030,629,Jul08_1/10-20190705081430-snapshot.jpg
2,1,20190705,081500,82,1,995,530,1033,560,Jul08_1/10-20190705081500-snapshot.jpg
2,1,20190705,081530,83,1,997,531,1034,562,Jul08_1/10-20190705081530-snapshot.jpg
2,1,20190705,081600,83,1,996,531,1034,564,Jul08_1/10-20190705081600-snapshot.jpg
2,1,20190705,081630,65,1,990,526,1029,559,Jul08_1/10-20190705081630-snapshot.jpg
2,1,20190705,081700,67,1,992,526,1029,558,Jul08_1/10-20190705081700-snapshot.jpg
2,1,20190705,081730,87,1,986,519,1025,553,Jul08_1/10-20190705081730-snapshot.jpg
2,1,20190705,081830,88,1,828,544,874,582,Jul08_1/10-20190705081830-snapshot.jpg
2,1,20190705,081900,89,1,830,546,876,585,Jul08_1/10-20190705081900-snapshot.jpg
2,1,20190705,081930,88,1,829,545,875,584,Jul08_1/10-20190705081930-snapshot.jpg
2,1,20190705,082000,88,1,827,545,873,585,Jul08_1/10-20190705082000-snapshot.jpg
2,1,20190705,082030,88,1,827,546,872,585,Jul08_1/10-20190705082030-snapshot.jpg
2,1,20190705,082100,88,1,827,545,873,585,Jul08_1/10-20190705082100-snapshot.jpg
2,1,20190705,082130,88,1,827,545,873,585,Jul08_1/10-20190705082130-snapshot.jpg
2,1,20190705,082200,89,1,822,543,868,581,Jul08_1/10-20190705082200-snapshot.jpg
2,1,20190705,082230,88,1,823,543,870,581,Jul08_1/10-20190705082230-snapshot.jpg
2,1,20190705,082300,89,1,824,544,870,582,Jul08_1/10-20190705082300-snapshot.jpg
2,1,20190705,082330,89,1,823,542,869,581,Jul08_1/10-20190705082330-snapshot.jpg
2,1,20190705,082400,89,1,823,541,869,580,Jul08_1/10-20190705082400-snapshot.jpg
2,1,20190705,082430,89,1,823,541,869,580,Jul08_1/10-20190705082430-snapshot.jpg
2,1,20190705,082500,89,1,823,541,868,580,Jul08_1/10-20190705082500-snapshot.jpg
2,1,20190705,082530,84,1,1077,583,1114,616,Jul08_1/10-20190705082530-snapshot.jpg
2,1,20190705,082530,89,1,823,541,868,580,Jul08_1/10-20190705082530-snapshot.jpg
2,1,20190705,082600,89,1,822,541,868,580,Jul08_1/10-20190705082600-snapshot.jpg
2,1,20190705,082630,89,1,823,541,868,580,Jul08_1/10-20190705082630-snapshot.jpg
2,1,20190705,082700,73,1,958,236,1003,272,Jul08_1/10-20190705082700-snapshot.jpg
2,1,20190705,082700,89,1,823,541,868,580,Jul08_1/10-20190705082700-snapshot.jpg
2,1,20190705,082730,76,1,958,233,1003,271,Jul08_1/10-20190705082730-snapshot.jpg
2,1,20190705,082730,89,1,823,542,868,580,Jul08_1/10-20190705082730-snapshot.jpg
2,1,20190705,082800,55,1,859,91,905,131,Jul08_1/10-20190705082800-snapshot.jpg
2,1,20190705,082800,89,1,823,542,868,580,Jul08_1/10-20190705082800-snapshot.jpg
2,1,20190705,082830,89,1,823,542,868,580,Jul08_1/10-20190705082830-snapshot.jpg
2,1,20190705,082900,89,1,823,542,868,580,Jul08_1/10-20190705082900-snapshot.jpg
2,1,20190705,082930,89,1,823,542,868,580,Jul08_1/10-20190705082930-snapshot.jpg
2,1,20190705,083000,88,1,826,546,873,585,Jul08_1/10-20190705083000-snapshot.jpg
2,1,20190705,083030,87,1,829,545,873,583,Jul08_1/10-20190705083030-snapshot.jpg
2,1,20190705,083100,86,1,829,545,872,582,Jul08_1/10-20190705083100-snapshot.jpg
2,1,20190705,083130,86,1,829,545,873,583,Jul08_1/10-20190705083130-snapshot.jpg
2,1,20190705,083200,86,1,829,545,872,582,Jul08_1/10-20190705083200-snapshot.jpg
2,1,20190705,083230,86,1,829,545,872,582,Jul08_1/10-20190705083230-snapshot.jpg
2,1,20190705,083300,86,1,829,545,872,583,Jul08_1/10-20190705083300-snapshot.jpg
2,1,20190705,083330,86,1,829,545,872,583,Jul08_1/10-20190705083330-snapshot.jpg
2,1,20190705,083400,86,1,829,546,872,583,Jul08_1/10-20190705083400-snapshot.jpg
2,1,20190705,083430,87,1,829,545,873,584,Jul08_1/10-20190705083430-snapshot.jpg
2,1,20190705,083500,84,1,836,551,872,583,Jul08_1/10-20190705083500-snapshot.jpg
2,1,20190705,083530,74,1,835,549,871,581,Jul08_1/10-20190705083530-snapshot.jpg
2,1,20190705,083600,85,1,1044,604,1088,643,Jul08_1/10-20190705083600-snapshot.jpg
2,1,20190705,083630,87,1,824,602,865,638,Jul08_1/10-20190705083630-snapshot.jpg
2,1,20190705,083700,87,1,824,602,865,638,Jul08_1/10-20190705083700-snapshot.jpg
2,1,20190705,083730,87,1,826,603,866,638,Jul08_1/10-20190705083730-snapshot.jpg
2,1,20190705,083800,87,1,825,603,866,638,Jul08_1/10-20190705083800-snapshot.jpg
2,1,20190705,083830,87,1,825,603,866,638,Jul08_1/10-20190705083830-snapshot.jpg
2,1,20190705,083900,87,1,825,603,866,638,Jul08_1/10-20190705083900-snapshot.jpg
2,1,20190705,083930,86,1,825,603,866,637,Jul08_1/10-20190705083930-snapshot.jpg
2,1,20190705,084000,87,1,825,603,866,637,Jul08_1/10-20190705084000-snapshot.jpg
2,1,20190705,084030,87,1,825,603,866,638,Jul08_1/10-20190705084030-snapshot.jpg
2,1,20190705,084100,87,1,822,602,863,639,Jul08_1/10-20190705084100-snapshot.jpg
2,1,20190705,084130,85,1,871,563,913,607,Jul08_1/10-20190705084130-snapshot.jpg
2,1,20190705,084200,85,1,887,472,932,511,Jul08_1/10-20190705084200-snapshot.jpg
2,1,20190705,084300,88,1,753,97,807,148,Jul08_1/10-20190705084300-snapshot.jpg
2,1,20190705,084330,88,1,742,96,793,146,Jul08_1/10-20190705084330-snapshot.jpg
2,1,20190705,084400,82,1,767,83,820,135,Jul08_1/10-20190705084400-snapshot.jpg
2,1,20190705,084430,89,1,754,97,806,142,Jul08_1/10-20190705084430-snapshot.jpg
2,1,20190705,084700,89,1,747,50,797,95,Jul08_1/10-20190705084700-snapshot.jpg
2,1,20190705,084730,88,1,746,51,796,95,Jul08_1/10-20190705084730-snapshot.jpg
2,1,20190705,084800,88,1,746,50,796,94,Jul08_1/10-20190705084800-snapshot.jpg
2,1,20190705,084830,88,1,746,54,795,97,Jul08_1/10-20190705084830-snapshot.jpg
2,1,20190705,084900,88,1,746,55,795,97,Jul08_1/10-20190705084900-snapshot.jpg
2,1,20190705,084930,89,1,739,54,792,99,Jul08_1/10-20190705084930-snapshot.jpg
2,1,20190705,085130,83,1,81,770,124,806,Jul08_1/10-20190705085130-snapshot.jpg
2,1,20190705,085200,85,1,740,107,787,147,Jul08_1/10-20190705085200-snapshot.jpg
2,1,20190705,085200,85,1,233,609,281,657,Jul08_1/10-20190705085200-snapshot.jpg
2,1,20190705,085230,79,1,270,365,309,402,Jul08_1/10-20190705085230-snapshot.jpg
2,1,20190705,085230,88,1,762,105,814,148,Jul08_1/10-20190705085230-snapshot.jpg
2,1,20190705,085400,78,1,295,0,344,29,Jul08_1/10-20190705085400-snapshot.jpg
2,1,20190705,085430,86,1,612,17,663,57,Jul08_1/10-20190705085430-snapshot.jpg
2,1,20190705,085530,84,1,635,77,684,120,Jul08_1/10-20190705085530-snapshot.jpg
2,1,20190705,085600,87,1,750,84,799,128,Jul08_1/10-20190705085600-snapshot.jpg
2,1,20190705,085630,86,1,959,124,1010,168,Jul08_1/10-20190705085630-snapshot.jpg
2,1,20190705,085800,82,1,349,132,393,176,Jul08_1/10-20190705085800-snapshot.jpg
2,1,20190705,091100,46,5,1206,663,1259,720,Jul08_1/10-20190705091100-snapshot.jpg
2,1,20190705,091200,38,5,1207,667,1256,722,Jul08_1/10-20190705091200-snapshot.jpg
2,1,20190705,091230,39,5,1207,666,1257,724,Jul08_1/10-20190705091230-snapshot.jpg
2,1,20190705,091300,43,5,1208,663,1259,721,Jul08_1/10-20190705091300-snapshot.jpg
2,1,20190705,091400,33,5,1207,668,1254,726,Jul08_1/10-20190705091400-snapshot.jpg
2,1,20190705,091430,27,5,1207,665,1258,724,Jul08_1/10-20190705091430-snapshot.jpg
2,1,20190705,092430,72,5,548,19,607,57,Jul08_1/10-20190705092430-snapshot.jpg
2,1,20190705,092500,81,5,556,508,597,558,Jul08_1/10-20190705092500-snapshot.jpg
2,1,20190705,092530,71,5,857,632,911,661,Jul08_1/10-20190705092530-snapshot.jpg
2,1,20190705,095030,79,5,317,231,370,300,Jul08_1/10-20190705095030-snapshot.jpg
2,1,20190705,095700,81,5,1096,333,1132,382,Jul08_1/10-20190705095700-snapshot.jpg
2,1,20190705,095730,78,5,1123,6,1175,60,Jul08_1/10-20190705095730-snapshot.jpg
2,1,20190705,100230,74,5,1472,244,1556,289,Jul08_1/10-20190705100230-snapshot.jpg
2,1,20190705,100830,74,5,1193,756,1242,794,Jul08_1/10-20190705100830-snapshot.jpg
2,1,20190705,101600,69,5,919,680,965,731,Jul08_1/10-20190705101600-snapshot.jpg
2,1,20190705,102100,68,5,980,297,1025,335,Jul08_1/10-20190705102100-snapshot.jpg
2,1,20190705,102130,58,5,1098,709,1140,756,Jul08_1/10-20190705102130-snapshot.jpg
2,1,20190705,102200,83,5,1116,391,1150,441,Jul08_1/10-20190705102200-snapshot.jpg
2,1,20190705,102900,68,5,1464,106,1530,146,Jul08_1/10-20190705102900-snapshot.jpg
2,1,20190705,103030,79,5,1333,679,1380,722,Jul08_1/10-20190705103030-snapshot.jpg
2,1,20190705,103100,81,5,1345,756,1388,809,Jul08_1/10-20190705103100-snapshot.jpg
2,1,20190705,103130,86,5,1344,818,1381,877,Jul08_1/10-20190705103130-snapshot.jpg
2,1,20190705,103200,76,5,1333,879,1385,920,Jul08_1/10-20190705103200-snapshot.jpg
2,1,20190705,103230,81,5,1361,826,1409,878,Jul08_1/10-20190705103230-snapshot.jpg
2,1,20190705,103300,73,5,1324,687,1361,737,Jul08_1/10-20190705103300-snapshot.jpg
2,1,20190705,103330,72,5,1119,826,1168,873,Jul08_1/10-20190705103330-snapshot.jpg
2,1,20190705,103830,86,1,1477,645,1519,680,Jul08_1/10-20190705103830-snapshot.jpg
2,1,20190705,104830,85,1,372,960,418,1007,Jul08_1/10-20190705104830-snapshot.jpg
2,1,20190705,105600,76,5,1410,21,1464,61,Jul08_1/10-20190705105600-snapshot.jpg
2,1,20190705,105700,80,5,1492,113,1546,172,Jul08_1/10-20190705105700-snapshot.jpg
2,1,20190705,105730,61,5,1754,276,1808,310,Jul08_1/10-20190705105730-snapshot.jpg
2,1,20190705,105730,72,5,899,730,939,785,Jul08_1/10-20190705105730-snapshot.jpg
2,1,20190705,105830,76,5,1843,841,1901,885,Jul08_1/10-20190705105830-snapshot.jpg
2,1,20190705,110100,80,5,462,184,514,248,Jul08_1/10-20190705110100-snapshot.jpg
2,1,20190705,111100,83,5,950,373,1007,430,Jul08_1/10-20190705111100-snapshot.jpg
2,1,20190705,111130,82,5,917,232,973,284,Jul08_1/10-20190705111130-snapshot.jpg
2,1,20190705,111730,89,4,898,454,1003,531,Jul08_1/10-20190705111730-snapshot.jpg
2,1,20190705,112230,75,5,1192,357,1242,392,Jul08_1/10-20190705112230-snapshot.jpg
2,1,20190705,112300,75,6,1334,699,1390,736,Jul08_1/10-20190705112300-snapshot.jpg
2,1,20190705,113130,78,5,1220,695,1260,740,Jul08_1/10-20190705113130-snapshot.jpg
2,1,20190705,113400,79,5,1145,725,1198,759,Jul08_1/10-20190705113400-snapshot.jpg
2,1,20190705,113430,51,5,1721,243,1773,298,Jul08_1/10-20190705113430-snapshot.jpg
2,1,20190705,113500,81,5,1347,437,1394,493,Jul08_1/10-20190705113500-snapshot.jpg
2,1,20190705,113600,78,5,1068,285,1120,320,Jul08_1/10-20190705113600-snapshot.jpg
2,1,20190705,113730,53,5,1210,683,1247,728,Jul08_1/10-20190705113730-snapshot.jpg
2,1,20190705,113830,57,5,1357,807,1396,859,Jul08_1/10-20190705113830-snapshot.jpg
2,1,20190705,113900,81,5,1300,808,1344,867,Jul08_1/10-20190705113900-snapshot.jpg
2,1,20190705,113930,83,5,1131,749,1185,783,Jul08_1/10-20190705113930-snapshot.jpg
2,1,20190705,114000,82,5,984,55,1042,131,Jul08_1/10-20190705114000-snapshot.jpg
2,1,20190705,114830,80,5,878,873,932,919,Jul08_1/10-20190705114830-snapshot.jpg
2,1,20190705,115230,86,5,1383,504,1439,565,Jul08_1/10-20190705115230-snapshot.jpg
2,1,20190705,115430,87,3,414,0,509,56,Jul08_1/10-20190705115430-snapshot.jpg
2,1,20190705,115830,75,1,356,861,402,899,Jul08_1/10-20190705115830-snapshot.jpg
2,1,20190705,115900,85,1,522,806,568,855,Jul08_1/10-20190705115900-snapshot.jpg
2,1,20190705,120030,28,5,1060,222,1114,263,Jul08_1/10-20190705120030-snapshot.jpg
2,1,20190705,120030,86,1,1143,780,1192,827,Jul08_1/10-20190705120030-snapshot.jpg
2,1,20190705,120100,74,1,1306,984,1349,1022,Jul08_1/10-20190705120100-snapshot.jpg
2,1,20190705,120530,27,5,1099,135,1140,177,Jul08_1/10-20190705120530-snapshot.jpg
2,1,20190705,120700,69,5,676,416,725,473,Jul08_1/10-20190705120700-snapshot.jpg
2,1,20190705,120800,53,5,1816,562,1903,628,Jul08_1/10-20190705120800-snapshot.jpg
2,1,20190705,121430,74,5,1729,452,1780,529,Jul08_1/10-20190705121430-snapshot.jpg
2,1,20190705,122330,69,1,1555,813,1599,852,Jul08_1/10-20190705122330-snapshot.jpg
2,1,20190705,122430,85,5,1657,454,1711,517,Jul08_1/10-20190705122430-snapshot.jpg
2,1,20190705,122430,88,1,1580,714,1627,764,Jul08_1/10-20190705122430-snapshot.jpg
2,1,20190705,122530,80,5,1733,606,1813,664,Jul08_1/10-20190705122530-snapshot.jpg
2,1,20190705,122600,60,5,782,127,831,176,Jul08_1/10-20190705122600-snapshot.jpg
2,1,20190705,122630,86,2,344,5,454,77,Jul08_1/10-20190705122630-snapshot.jpg
2,1,20190705,123000,76,5,1297,214,1376,269,Jul08_1/10-20190705123000-snapshot.jpg
2,1,20190705,123030,81,5,667,437,737,477,Jul08_1/10-20190705123030-snapshot.jpg
2,1,20190705,123500,81,5,1241,675,1289,736,Jul08_1/10-20190705123500-snapshot.jpg
2,1,20190705,123530,51,5,1106,764,1176,806,Jul08_1/10-20190705123530-snapshot.jpg
2,1,20190705,123600,28,5,1105,765,1175,806,Jul08_1/10-20190705123600-snapshot.jpg
2,1,20190705,123630,33,5,1103,765,1174,805,Jul08_1/10-20190705123630-snapshot.jpg
2,1,20190705,123730,37,5,1098,765,1165,808,Jul08_1/10-20190705123730-snapshot.jpg
2,1,20190705,123800,26,5,1063,566,1097,602,Jul08_1/10-20190705123800-snapshot.jpg
2,1,20190705,123800,69,5,1276,838,1340,887,Jul08_1/10-20190705123800-snapshot.jpg
2,1,20190705,124000,79,5,532,949,575,1001,Jul08_1/10-20190705124000-snapshot.jpg
2,1,20190705,124000,80,5,1482,938,1526,987,Jul08_1/10-20190705124000-snapshot.jpg
2,1,20190705,124230,85,4,862,539,947,635,Jul08_1/10-20190705124230-snapshot.jpg
2,1,20190705,124330,83,1,870,67,917,109,Jul08_1/10-20190705124330-snapshot.jpg
2,1,20190705,124430,50,1,658,635,698,675,Jul08_1/10-20190705124430-snapshot.jpg
2,1,20190705,124500,86,1,221,986,268,1036,Jul08_1/10-20190705124500-snapshot.jpg
2,1,20190705,124830,76,5,641,578,682,642,Jul08_1/10-20190705124830-snapshot.jpg
2,1,20190705,124900,74,5,527,433,570,472,Jul08_1/10-20190705124900-snapshot.jpg
2,1,20190705,124930,76,5,474,782,526,837,Jul08_1/10-20190705124930-snapshot.jpg
2,1,20190705,124930,84,5,1591,110,1666,169,Jul08_1/10-20190705124930-snapshot.jpg
2,1,20190705,125100,79,5,1138,806,1190,854,Jul08_1/10-20190705125100-snapshot.jpg
2,1,20190705,125600,73,5,1130,274,1170,326,Jul08_1/10-20190705125600-snapshot.jpg
2,1,20190705,125630,72,5,1015,460,1064,504,Jul08_1/10-20190705125630-snapshot.jpg
2,1,20190705,125700,81,5,1018,480,1074,518,Jul08_1/10-20190705125700-snapshot.jpg
2,1,20190705,125733,83,5,1015,447,1061,502,Jul08_1/10-20190705125733-snapshot.jpg
2,1,20190705,125733,83,5,642,42,725,121,Jul08_1/10-20190705125733-snapshot.jpg
2,1,20190705,125800,48,8,217,936,275,1000,Jul08_1/10-20190705125800-snapshot.jpg
2,1,20190705,125800,72,5,1010,419,1054,473,Jul08_1/10-20190705125800-snapshot.jpg
2,1,20190705,125830,78,5,1107,817,1159,862,Jul08_1/10-20190705125830-snapshot.jpg
2,1,20190705,125930,81,5,1352,771,1401,806,Jul08_1/10-20190705125930-snapshot.jpg
2,1,20190705,130000,46,5,1587,855,1629,896,Jul08_1/10-20190705130000-snapshot.jpg
2,1,20190705,130200,70,5,1141,796,1183,843,Jul08_1/10-20190705130200-snapshot.jpg
2,1,20190705,130700,84,1,1614,676,1655,713,Jul08_1/10-20190705130700-snapshot.jpg
2,1,20190705,131000,77,6,580,739,634,810,Jul08_1/10-20190705131000-snapshot.jpg
2,1,20190705,131030,78,6,760,614,813,673,Jul08_1/10-20190705131030-snapshot.jpg
2,1,20190705,131100,86,6,1059,343,1112,410,Jul08_1/10-20190705131100-snapshot.jpg
2,1,20190705,131100,88,4,1719,1003,1811,1075,Jul08_1/10-20190705131100-snapshot.jpg
2,1,20190705,131400,84,6,1107,257,1161,327,Jul08_1/10-20190705131400-snapshot.jpg
2,1,20190705,131530,80,2,1329,751,1400,817,Jul08_1/10-20190705131530-snapshot.jpg
2,1,20190705,131530,85,4,827,484,931,557,Jul08_1/10-20190705131530-snapshot.jpg
2,1,20190705,132400,28,5,1882,797,1920,854,Jul08_1/10-20190705132400-snapshot.jpg
2,1,20190705,132800,82,5,1136,799,1176,854,Jul08_1/10-20190705132800-snapshot.jpg
2,1,20190705,132830,83,5,1119,809,1169,865,Jul08_1/10-20190705132830-snapshot.jpg
2,1,20190705,132900,81,5,1583,844,1621,897,Jul08_1/10-20190705132900-snapshot.jpg
2,1,20190705,133130,83,5,263,257,316,326,Jul08_1/10-20190705133130-snapshot.jpg
2,1,20190705,133130,88,2,1500,835,1587,888,Jul08_1/10-20190705133130-snapshot.jpg
2,1,20190705,133200,83,5,256,231,310,301,Jul08_1/10-20190705133200-snapshot.jpg
2,1,20190705,133230,81,5,271,233,324,299,Jul08_1/10-20190705133230-snapshot.jpg
2,1,20190705,133330,85,2,1698,506,1770,600,Jul08_1/10-20190705133330-snapshot.jpg
2,1,20190705,133530,76,5,725,740,778,781,Jul08_1/10-20190705133530-snapshot.jpg
2,1,20190705,133530,76,5,870,185,925,235,Jul08_1/10-20190705133530-snapshot.jpg
2,1,20190705,133800,86,4,871,555,931,637,Jul08_1/10-20190705133800-snapshot.jpg
2,1,20190705,134030,85,2,1112,683,1172,755,Jul08_1/10-20190705134030-snapshot.jpg
2,1,20190705,134730,27,5,815,480,863,531,Jul08_1/10-20190705134730-snapshot.jpg
2,1,20190705,134800,79,5,813,474,861,530,Jul08_1/10-20190705134800-snapshot.jpg
2,1,20190705,134800,81,5,1359,875,1411,916,Jul08_1/10-20190705134800-snapshot.jpg
2,1,20190705,135000,87,2,571,16,660,102,Jul08_1/10-20190705135000-snapshot.jpg
2,1,20190705,135300,81,5,1100,483,1138,534,Jul08_1/10-20190705135300-snapshot.jpg
2,1,20190705,135630,26,5,1388,663,1431,712,Jul08_1/10-20190705135630-snapshot.jpg
2,1,20190705,135830,77,5,682,110,751,164,Jul08_1/10-20190705135830-snapshot.jpg
2,1,20190705,135900,77,5,1042,344,1095,382,Jul08_1/10-20190705135900-snapshot.jpg
2,1,20190705,140400,75,2,871,55,957,122,Jul08_1/10-20190705140400-snapshot.jpg
2,1,20190705,140800,78,5,1777,655,1851,700,Jul08_1/10-20190705140800-snapshot.jpg
2,1,20190705,140830,79,5,1797,574,1849,638,Jul08_1/10-20190705140830-snapshot.jpg
2,1,20190705,140900,78,5,1653,188,1708,249,Jul08_1/10-20190705140900-snapshot.jpg
2,1,20190705,140930,70,5,1388,714,1434,761,Jul08_1/10-20190705140930-snapshot.jpg
2,1,20190705,141030,80,5,668,486,704,535,Jul08_1/10-20190705141030-snapshot.jpg
2,1,20190705,141030,85,2,1845,463,1920,546,Jul08_1/10-20190705141030-snapshot.jpg
2,1,20190705,141630,73,5,1009,120,1062,179,Jul08_1/10-20190705141630-snapshot.jpg
2,1,20190705,141700,87,2,1774,84,1862,152,Jul08_1/10-20190705141700-snapshot.jpg
2,1,20190705,141830,87,2,1223,987,1325,1068,Jul08_1/10-20190705141830-snapshot.jpg
2,1,20190705,141900,82,5,1020,450,1078,491,Jul08_1/10-20190705141900-snapshot.jpg
2,1,20190705,141930,58,6,475,467,518,511,Jul08_1/10-20190705141930-snapshot.jpg
2,1,20190705,141930,60,5,1013,317,1061,358,Jul08_1/10-20190705141930-snapshot.jpg
2,1,20190705,142200,77,5,1150,348,1202,383,Jul08_1/10-20190705142200-snapshot.jpg
2,1,20190705,142700,88,4,660,953,772,1027,Jul08_1/10-20190705142700-snapshot.jpg
2,1,20190705,143330,82,5,1453,832,1490,885,Jul08_1/10-20190705143330-snapshot.jpg
2,1,20190705,143430,71,5,745,131,797,169,Jul08_1/10-20190705143430-snapshot.jpg
2,1,20190705,143630,60,5,1803,71,1877,117,Jul08_1/10-20190705143630-snapshot.jpg
2,1,20190705,143730,83,5,860,17,922,76,Jul08_1/10-20190705143730-snapshot.jpg
2,1,20190705,144830,82,1,1404,675,1446,711,Jul08_1/10-20190705144830-snapshot.jpg
2,1,20190705,144930,77,5,1185,838,1227,891,Jul08_1/10-20190705144930-snapshot.jpg
2,1,20190705,145000,78,5,933,482,980,529,Jul08_1/10-20190705145000-snapshot.jpg
2,1,20190705,145030,76,5,900,524,941,571,Jul08_1/10-20190705145030-snapshot.jpg
2,1,20190705,145100,84,5,902,528,942,582,Jul08_1/10-20190705145100-snapshot.jpg
2,1,20190705,145130,84,5,894,545,932,595,Jul08_1/10-20190705145130-snapshot.jpg
2,1,20190705,145500,45,5,1573,980,1632,1026,Jul08_1/10-20190705145500-snapshot.jpg
2,1,20190705,145900,81,5,1167,543,1205,593,Jul08_1/10-20190705145900-snapshot.jpg
2,1,20190705,145930,81,5,1190,741,1242,781,Jul08_1/10-20190705145930-snapshot.jpg
2,1,20190705,150430,86,2,1382,774,1436,852,Jul08_1/10-20190705150430-snapshot.jpg
2,1,20190705,151430,82,5,1618,121,1670,184,Jul08_1/10-20190705151430-snapshot.jpg
2,1,20190705,151530,74,5,1774,555,1838,599,Jul08_1/10-20190705151530-snapshot.jpg
2,1,20190705,151730,79,5,1556,238,1617,307,Jul08_1/10-20190705151730-snapshot.jpg
2,1,20190705,152300,88,2,1249,557,1306,636,Jul08_1/10-20190705152300-snapshot.jpg
2,1,20190705,152400,88,2,1198,767,1289,825,Jul08_1/10-20190705152400-snapshot.jpg
2,1,20190705,152430,78,5,782,609,841,648,Jul08_1/10-20190705152430-snapshot.jpg
2,1,20190705,152530,68,5,1405,20,1453,72,Jul08_1/10-20190705152530-snapshot.jpg
2,1,20190705,152600,82,5,952,595,1000,646,Jul08_1/10-20190705152600-snapshot.jpg
2,1,20190705,152630,77,5,918,562,966,609,Jul08_1/10-20190705152630-snapshot.jpg
2,1,20190705,152700,75,5,764,828,814,886,Jul08_1/10-20190705152700-snapshot.jpg
2,1,20190705,152700,87,2,1248,60,1337,122,Jul08_1/10-20190705152700-snapshot.jpg
2,1,20190705,152730,82,5,838,514,884,574,Jul08_1/10-20190705152730-snapshot.jpg
2,1,20190705,152800,80,5,827,528,874,591,Jul08_1/10-20190705152800-snapshot.jpg
2,1,20190705,153030,85,2,1809,524,1907,583,Jul08_1/10-20190705153030-snapshot.jpg
2,1,20190705,153130,76,5,1426,714,1475,757,Jul08_1/10-20190705153130-snapshot.jpg
2,1,20190705,153130,80,5,1052,31,1113,70,Jul08_1/10-20190705153130-snapshot.jpg
2,1,20190705,153430,53,5,871,9,932,65,Jul08_1/10-20190705153430-snapshot.jpg
2,1,20190705,153500,83,5,1024,476,1085,515,Jul08_1/10-20190705153500-snapshot.jpg
2,1,20190705,153530,82,5,586,709,649,747,Jul08_1/10-20190705153530-snapshot.jpg
2,1,20190705,153600,76,5,470,617,514,674,Jul08_1/10-20190705153600-snapshot.jpg
2,1,20190705,153630,26,5,1611,149,1673,204,Jul08_1/10-20190705153630-snapshot.jpg
2,1,20190705,154200,87,1,476,620,515,651,Jul08_1/10-20190705154200-snapshot.jpg
2,1,20190705,154200,88,4,1628,2,1719,85,Jul08_1/10-20190705154200-snapshot.jpg
2,1,20190705,154830,87,3,1004,353,1101,428,Jul08_1/10-20190705154830-snapshot.jpg
2,1,20190705,155100,80,5,1550,819,1593,873,Jul08_1/10-20190705155100-snapshot.jpg
2,1,20190705,155430,84,5,1506,835,1550,883,Jul08_1/10-20190705155430-snapshot.jpg
2,1,20190705,155600,88,4,907,506,990,595,Jul08_1/10-20190705155600-snapshot.jpg
2,1,20190705,155730,57,5,1819,364,1870,425,Jul08_1/10-20190705155730-snapshot.jpg
2,1,20190705,155800,82,5,1734,411,1783,475,Jul08_1/10-20190705155800-snapshot.jpg
2,1,20190705,155830,61,5,1628,566,1690,611,Jul08_1/10-20190705155830-snapshot.jpg
2,1,20190705,155930,67,5,1705,282,1757,342,Jul08_1/10-20190705155930-snapshot.jpg
2,1,20190705,160000,83,5,1070,291,1135,326,Jul08_1/10-20190705160000-snapshot.jpg
2,1,20190705,160030,84,2,998,0,1055,80,Jul08_1/10-20190705160030-snapshot.jpg
2,1,20190705,160300,83,5,338,541,391,601,Jul08_1/10-20190705160300-snapshot.jpg
2,1,20190705,160330,80,1,1661,685,1702,726,Jul08_1/10-20190705160330-snapshot.jpg
2,1,20190705,160400,42,5,1465,895,1513,931,Jul08_1/10-20190705160400-snapshot.jpg
2,1,20190705,160530,81,8,466,861,553,912,Jul08_1/10-20190705160530-snapshot.jpg
2,1,20190705,160600,73,5,489,1,538,30,Jul08_1/10-20190705160600-snapshot.jpg
2,1,20190705,160700,79,5,1755,454,1801,512,Jul08_1/10-20190705160700-snapshot.jpg
2,1,20190705,160800,63,5,1807,74,1850,121,Jul08_1/10-20190705160800-snapshot.jpg
2,1,20190705,160830,43,6,1610,136,1680,173,Jul08_1/10-20190705160830-snapshot.jpg
2,1,20190705,160900,71,5,1370,747,1403,799,Jul08_1/10-20190705160900-snapshot.jpg
2,1,20190705,160900,74,6,1163,47,1234,102,Jul08_1/10-20190705160900-snapshot.jpg
2,1,20190705,160930,52,5,1049,155,1096,203,Jul08_1/10-20190705160930-snapshot.jpg
2,1,20190705,160930,79,2,1686,25,1788,78,Jul08_1/10-20190705160930-snapshot.jpg
2,1,20190705,161000,44,5,777,45,831,88,Jul08_1/10-20190705161000-snapshot.jpg
2,1,20190705,162100,44,1,1891,361,1919,417,Jul08_1/10-20190705162100-snapshot.jpg
2,1,20190705,162400,82,5,1340,304,1395,372,Jul08_1/10-20190705162400-snapshot.jpg
2,1,20190705,162530,74,1,1239,448,1279,480,Jul08_1/10-20190705162530-snapshot.jpg
2,1,20190705,163200,78,8,1638,882,1730,929,Jul08_1/10-20190705163200-snapshot.jpg
2,1,20190705,163200,89,3,860,444,969,513,Jul08_1/10-20190705163200-snapshot.jpg
2,1,20190705,164200,78,5,113,897,167,959,Jul08_1/10-20190705164200-snapshot.jpg
2,1,20190705,164700,88,4,810,609,901,702,Jul08_1/10-20190705164700-snapshot.jpg
2,1,20190705,164800,73,5,1518,183,1599,230,Jul08_1/10-20190705164800-snapshot.jpg
2,1,20190705,164830,79,5,505,481,551,535,Jul08_1/10-20190705164830-snapshot.jpg
2,1,20190705,164900,80,5,1167,744,1226,780,Jul08_1/10-20190705164900-snapshot.jpg
2,1,20190705,164930,88,2,723,481,825,547,Jul08_1/10-20190705164930-snapshot.jpg
2,1,20190705,165000,88,2,743,481,848,542,Jul08_1/10-20190705165000-snapshot.jpg
2,1,20190705,165100,86,2,1630,248,1724,310,Jul08_1/10-20190705165100-snapshot.jpg
2,1,20190705,165200,58,5,459,1005,528,1049,Jul08_1/10-20190705165200-snapshot.jpg
2,1,20190705,170130,42,5,1734,662,1805,716,Jul08_1/10-20190705170130-snapshot.jpg
2,1,20190705,170300,28,5,1703,79,1742,127,Jul08_1/10-20190705170300-snapshot.jpg
2,1,20190705,171200,84,3,1286,659,1364,737,Jul08_1/10-20190705171200-snapshot.jpg
2,1,20190705,171700,83,1,267,411,305,447,Jul08_1/10-20190705171700-snapshot.jpg
2,1,20190705,172530,47,5,777,8,822,56,Jul08_1/10-20190705172530-snapshot.jpg
2,1,20190705,172530,51,5,1342,543,1381,589,Jul08_1/10-20190705172530-snapshot.jpg
2,1,20190705,172600,77,5,1496,831,1543,866,Jul08_1/10-20190705172600-snapshot.jpg
2,1,20190705,172730,67,5,1794,368,1867,407,Jul08_1/10-20190705172730-snapshot.jpg
2,1,20190705,175500,77,5,1660,562,1724,598,Jul08_1/10-20190705175500-snapshot.jpg
2,1,20190705,175530,78,5,1677,516,1725,577,Jul08_1/10-20190705175530-snapshot.jpg
2,1,20190705,175700,76,5,846,405,897,460,Jul08_1/10-20190705175700-snapshot.jpg
2,1,20190705,180130,31,5,938,692,974,729,Jul08_1/10-20190705180130-snapshot.jpg
2,1,20190705,180300,40,5,937,692,974,729,Jul08_1/10-20190705180300-snapshot.jpg
2,1,20190705,182230,47,6,1888,244,1920,314,Jul08_1/10-20190705182230-snapshot.jpg
2,1,20190705,182400,86,1,799,961,839,998,Jul08_1/10-20190705182400-snapshot.jpg
2,1,20190705,182500,82,1,735,272,779,316,Jul08_1/10-20190705182500-snapshot.jpg
2,1,20190705,183400,73,5,1667,429,1712,483,Jul08_1/10-20190705183400-snapshot.jpg
2,1,20190705,183730,81,1,411,187,453,224,Jul08_1/10-20190705183730-snapshot.jpg
2,1,20190705,183730,86,1,689,423,737,465,Jul08_1/10-20190705183730-snapshot.jpg
2,1,20190705,183800,76,1,816,428,856,463,Jul08_1/10-20190705183800-snapshot.jpg
2,1,20190705,185400,83,1,1559,954,1602,992,Jul08_1/10-20190705185400-snapshot.jpg
2,1,20190705,185500,83,1,1807,874,1854,913,Jul08_1/10-20190705185500-snapshot.jpg
2,1,20190705,185630,83,1,1700,331,1744,371,Jul08_1/10-20190705185630-snapshot.jpg
2,1,20190705,185630,90,4,825,585,941,670,Jul08_1/10-20190705185630-snapshot.jpg
2,1,20190705,190000,72,1,1450,36,1492,72,Jul08_1/10-20190705190000-snapshot.jpg
2,1,20190705,190430,72,5,1044,450,1093,495,Jul08_1/10-20190705190430-snapshot.jpg
2,1,20190705,190730,60,5,743,494,786,569,Jul08_1/10-20190705190730-snapshot.jpg
2,1,20190706,042130,28,5,1270,882,1326,921,Jul08_1/12-20190706042130-snapshot.jpg
2,1,20190706,052930,84,8,898,258,985,310,Jul08_1/19-20190706052930-snapshot.jpg
2,1,20190706,082000,47,8,1274,298,1325,374,Jul08_1/23-20190706082000-snapshot.jpg
2,1,20190706,115400,85,1,1883,237,1920,278,Jul08_1/23-20190706115400-snapshot.jpg
2,1,20190706,115430,84,1,1450,202,1496,244,Jul08_1/23-20190706115430-snapshot.jpg
2,1,20190706,115500,83,1,1290,390,1331,429,Jul08_1/23-20190706115500-snapshot.jpg
2,1,20190706,115730,86,1,1097,832,1143,877,Jul08_1/23-20190706115730-snapshot.jpg
2,1,20190706,115800,81,1,1264,737,1309,782,Jul08_1/23-20190706115800-snapshot.jpg
2,1,20190706,115830,83,1,1521,624,1558,659,Jul08_1/23-20190706115830-snapshot.jpg
2,1,20190706,120000,30,1,1620,405,1662,440,Jul08_1/23-20190706120000-snapshot.jpg
2,1,20190706,121300,87,1,1530,505,1574,549,Jul08_1/23-20190706121300-snapshot.jpg
2,1,20190706,121400,83,1,1494,485,1534,524,Jul08_1/23-20190706121400-snapshot.jpg
2,1,20190706,121400,84,1,1297,492,1338,532,Jul08_1/23-20190706121400-snapshot.jpg
2,1,20190706,121430,83,1,1298,494,1338,534,Jul08_1/23-20190706121430-snapshot.jpg
2,1,20190706,121430,86,1,1492,490,1533,531,Jul08_1/23-20190706121430-snapshot.jpg
2,1,20190706,121500,83,1,1297,493,1338,534,Jul08_1/23-20190706121500-snapshot.jpg
2,1,20190706,121500,86,1,1490,491,1531,531,Jul08_1/23-20190706121500-snapshot.jpg
2,1,20190706,121530,84,1,1298,498,1338,537,Jul08_1/23-20190706121530-snapshot.jpg
2,1,20190706,121530,85,1,1487,499,1528,541,Jul08_1/23-20190706121530-snapshot.jpg
2,1,20190706,121600,83,1,1448,462,1488,498,Jul08_1/23-20190706121600-snapshot.jpg
2,1,20190706,121600,85,1,1294,471,1337,512,Jul08_1/23-20190706121600-snapshot.jpg
2,1,20190706,121630,76,1,1299,474,1341,513,Jul08_1/23-20190706121630-snapshot.jpg
2,1,20190706,121630,83,1,1442,464,1482,501,Jul08_1/23-20190706121630-snapshot.jpg
2,1,20190706,121700,81,1,1298,471,1339,511,Jul08_1/23-20190706121700-snapshot.jpg
2,1,20190706,121700,82,1,1423,387,1462,427,Jul08_1/23-20190706121700-snapshot.jpg
2,1,20190706,121730,81,1,1297,472,1339,511,Jul08_1/23-20190706121730-snapshot.jpg
2,1,20190706,121730,82,1,1364,373,1405,410,Jul08_1/23-20190706121730-snapshot.jpg
2,1,20190706,121800,52,1,1309,446,1351,488,Jul08_1/23-20190706121800-snapshot.jpg
2,1,20190706,121800,79,1,1299,458,1345,508,Jul08_1/23-20190706121800-snapshot.jpg
2,1,20190706,122430,82,1,1094,539,1135,580,Jul08_1/23-20190706122430-snapshot.jpg
2,1,20190706,122500,84,1,987,692,1028,730,Jul08_1/23-20190706122500-snapshot.jpg
2,1,20190706,124900,87,1,1146,536,1191,581,Jul08_1/23-20190706124900-snapshot.jpg
2,1,20190706,124930,87,1,1230,569,1273,612,Jul08_1/23-20190706124930-snapshot.jpg
2,1,20190706,125030,84,1,1804,738,1851,777,Jul08_1/23-20190706125030-snapshot.jpg
2,1,20190706,125530,86,8,1620,858,1702,912,Jul08_1/23-20190706125530-snapshot.jpg
2,1,20190706,134330,84,1,58,170,105,211,Jul08_1/23-20190706134330-snapshot.jpg
2,1,20190706,135900,85,8,980,772,1033,846,Jul08_1/23-20190706135900-snapshot.jpg
2,1,20190706,140100,84,1,860,45,904,89,Jul08_1/23-20190706140100-snapshot.jpg
2,1,20190706,140130,61,1,797,24,848,78,Jul08_1/23-20190706140130-snapshot.jpg
2,1,20190706,140430,74,1,965,410,1005,448,Jul08_1/23-20190706140430-snapshot.jpg
2,1,20190706,140500,78,1,654,288,691,320,Jul08_1/23-20190706140500-snapshot.jpg
2,1,20190706,140730,84,1,349,959,390,997,Jul08_1/23-20190706140730-snapshot.jpg
2,1,20190706,143300,29,1,794,58,841,109,Jul08_1/23-20190706143300-snapshot.jpg
2,1,20190706,143430,50,1,794,60,840,110,Jul08_1/23-20190706143430-snapshot.jpg
2,1,20190706,143630,30,1,794,61,841,112,Jul08_1/23-20190706143630-snapshot.jpg
2,1,20190706,145300,45,1,796,63,838,106,Jul08_1/23-20190706145300-snapshot.jpg
2,1,20190706,145630,31,1,793,62,836,106,Jul08_1/23-20190706145630-snapshot.jpg
2,1,20190706,150100,77,1,1894,297,1920,339,Jul08_1/23-20190706150100-snapshot.jpg
2,1,20190706,150230,37,1,794,60,838,106,Jul08_1/23-20190706150230-snapshot.jpg
2,1,20190706,150430,30,1,794,60,837,105,Jul08_1/23-20190706150430-snapshot.jpg
2,1,20190706,151330,58,1,794,62,839,109,Jul08_1/23-20190706151330-snapshot.jpg
2,1,20190706,151730,29,1,792,61,836,108,Jul08_1/23-20190706151730-snapshot.jpg
2,1,20190706,152030,41,1,794,62,839,111,Jul08_1/23-20190706152030-snapshot.jpg
2,1,20190706,152930,53,1,793,63,839,111,Jul08_1/23-20190706152930-snapshot.jpg
2,1,20190706,153630,66,1,798,61,841,107,Jul08_1/23-20190706153630-snapshot.jpg
2,1,20190706,153900,75,1,796,61,841,109,Jul08_1/23-20190706153900-snapshot.jpg
2,1,20190706,154130,56,1,798,61,843,107,Jul08_1/23-20190706154130-snapshot.jpg
2,1,20190706,154130,61,5,1383,798,1417,843,Jul08_1/23-20190706154130-snapshot.jpg
2,1,20190706,154200,79,5,1387,796,1420,848,Jul08_1/23-20190706154200-snapshot.jpg
2,1,20190706,154230,77,5,1411,798,1466,833,Jul08_1/23-20190706154230-snapshot.jpg
2,1,20190706,154300,75,5,1438,800,1485,842,Jul08_1/23-20190706154300-snapshot.jpg
2,1,20190706,154330,63,5,1469,825,1501,872,Jul08_1/23-20190706154330-snapshot.jpg
2,1,20190706,161300,26,5,1362,143,1413,210,Jul08_1/23-20190706161300-snapshot.jpg
2,1,20190706,180230,27,6,1890,274,1920,340,Jul08_1/23-20190706180230-snapshot.jpg
2,1,20190706,190800,81,1,722,811,763,851,Jul08_1/23-20190706190800-snapshot.jpg
2,1,20190706,195700,42,5,1052,509,1100,540,Jul08_1/23-20190706195700-snapshot.jpg
2,1,20190706,195730,59,5,1045,508,1098,540,Jul08_1/23-20190706195730-snapshot.jpg
2,1,20190706,195800,31,5,1050,510,1099,542,Jul08_1/23-20190706195800-snapshot.jpg
2,1,20190706,195830,36,5,1046,509,1098,541,Jul08_1/23-20190706195830-snapshot.jpg
2,1,20190706,200000,37,5,1053,512,1101,543,Jul08_1/23-20190706200000-snapshot.jpg
2,1,20190706,200100,27,5,1042,507,1092,538,Jul08_1/23-20190706200100-snapshot.jpg
2,1,20190706,200130,31,5,1045,509,1095,539,Jul08_1/23-20190706200130-snapshot.jpg
2,1,20190706,202030,40,5,1045,508,1094,540,Jul08_1/23-20190706202030-snapshot.jpg
2,1,20190706,202530,45,5,1045,508,1097,539,Jul08_1/23-20190706202530-snapshot.jpg
2,1,20190706,203030,46,5,1048,508,1098,540,Jul08_1/23-20190706203030-snapshot.jpg
2,1,20190706,205800,31,5,1048,509,1099,540,Jul08_1/23-20190706205800-snapshot.jpg
2,1,20190706,205830,36,5,1045,508,1098,540,Jul08_1/23-20190706205830-snapshot.jpg
2,1,20190707,083500,85,1,109,241,156,294,Jul08_1/24-20190707083500-snapshot.jpg
2,1,20190707,083530,84,1,26,417,72,463,Jul08_1/24-20190707083530-snapshot.jpg
2,1,20190707,083700,86,1,1169,884,1218,929,Jul08_1/24-20190707083700-snapshot.jpg
2,1,20190707,083730,79,1,1244,675,1289,717,Jul08_1/24-20190707083730-snapshot.jpg
2,1,20190707,083800,85,1,1321,433,1366,476,Jul08_1/24-20190707083800-snapshot.jpg
2,1,20190707,084000,84,1,715,419,764,466,Jul08_1/24-20190707084000-snapshot.jpg
2,1,20190707,084030,83,1,827,174,875,225,Jul08_1/24-20190707084030-snapshot.jpg
2,1,20190707,085030,82,1,261,462,302,499,Jul08_1/24-20190707085030-snapshot.jpg
2,1,20190707,085100,88,1,418,521,459,558,Jul08_1/24-20190707085100-snapshot.jpg
2,1,20190707,085130,85,1,620,782,664,825,Jul08_1/24-20190707085130-snapshot.jpg
2,1,20190707,094500,79,3,911,474,1013,557,Jul08_1/24-20190707094500-snapshot.jpg
2,1,20190707,094530,88,3,879,503,967,584,Jul08_1/24-20190707094530-snapshot.jpg
2,1,20190707,094600,85,3,795,633,883,716,Jul08_1/24-20190707094600-snapshot.jpg
2,1,20190707,094630,85,3,921,524,1000,612,Jul08_1/24-20190707094630-snapshot.jpg
2,1,20190707,094700,89,3,705,448,809,533,Jul08_1/24-20190707094700-snapshot.jpg
2,1,20190707,094730,88,3,482,664,593,757,Jul08_1/24-20190707094730-snapshot.jpg
2,1,20190707,094800,88,3,486,640,609,720,Jul08_1/24-20190707094800-snapshot.jpg
2,1,20190707,094830,88,3,440,683,553,764,Jul08_1/24-20190707094830-snapshot.jpg
2,1,20190707,094900,89,3,440,683,553,763,Jul08_1/24-20190707094900-snapshot.jpg
2,1,20190707,094930,90,3,453,700,568,779,Jul08_1/24-20190707094930-snapshot.jpg
2,1,20190707,095000,90,3,452,698,564,776,Jul08_1/24-20190707095000-snapshot.jpg
2,1,20190707,095030,90,3,453,701,567,779,Jul08_1/24-20190707095030-snapshot.jpg
2,1,20190707,095100,88,3,456,704,569,781,Jul08_1/24-20190707095100-snapshot.jpg
2,1,20190707,095130,88,3,458,705,568,781,Jul08_1/24-20190707095130-snapshot.jpg
2,1,20190707,095200,88,3,458,705,568,781,Jul08_1/24-20190707095200-snapshot.jpg
2,1,20190707,095230,88,3,463,707,574,779,Jul08_1/24-20190707095230-snapshot.jpg
2,1,20190707,095300,89,3,463,708,573,780,Jul08_1/24-20190707095300-snapshot.jpg
2,1,20190707,095330,88,3,457,703,563,775,Jul08_1/24-20190707095330-snapshot.jpg
2,1,20190707,095400,88,3,457,703,562,775,Jul08_1/24-20190707095400-snapshot.jpg
2,1,20190707,095430,89,3,461,707,568,780,Jul08_1/24-20190707095430-snapshot.jpg
2,1,20190707,095500,89,3,461,708,569,780,Jul08_1/24-20190707095500-snapshot.jpg
2,1,20190707,095530,89,3,462,710,570,784,Jul08_1/24-20190707095530-snapshot.jpg
2,1,20190707,095600,89,3,459,710,570,783,Jul08_1/24-20190707095600-snapshot.jpg
2,1,20190707,095630,89,3,461,710,570,784,Jul08_1/24-20190707095630-snapshot.jpg
2,1,20190707,095700,39,3,563,802,673,876,Jul08_1/24-20190707095700-snapshot.jpg
2,1,20190707,095730,88,3,1010,804,1113,873,Jul08_1/24-20190707095730-snapshot.jpg
2,1,20190707,112330,83,1,1131,61,1174,102,Jul08_1/24-20190707112330-snapshot.jpg
2,1,20190707,113200,83,3,1479,792,1569,858,Jul08_1/24-20190707113200-snapshot.jpg
2,1,20190707,114000,80,1,1089,1047,1136,1080,Jul08_1/24-20190707114000-snapshot.jpg
2,1,20190707,114000,87,1,1240,817,1287,862,Jul08_1/24-20190707114000-snapshot.jpg
2,1,20190707,114030,80,1,1089,1050,1134,1080,Jul08_1/24-20190707114030-snapshot.jpg
2,1,20190707,114230,34,1,39,333,84,374,Jul08_1/24-20190707114230-snapshot.jpg
2,1,20190707,114500,58,1,1082,1006,1129,1053,Jul08_1/24-20190707114500-snapshot.jpg
2,1,20190707,115130,89,1,1249,544,1298,596,Jul08_1/24-20190707115130-snapshot.jpg
2,1,20190707,120600,85,1,1843,891,1891,943,Jul08_1/24-20190707120600-snapshot.jpg
2,1,20190707,120630,38,1,1271,993,1319,1037,Jul08_1/24-20190707120630-snapshot.jpg
2,1,20190707,121930,80,1,811,598,857,639,Jul08_1/24-20190707121930-snapshot.jpg
2,1,20190707,122000,88,1,845,542,892,588,Jul08_1/24-20190707122000-snapshot.jpg
2,1,20190707,122030,86,3,866,412,946,507,Jul08_1/24-20190707122030-snapshot.jpg
2,1,20190707,124130,87,1,462,458,508,498,Jul08_1/24-20190707124130-snapshot.jpg
2,1,20190707,130700,88,1,1564,717,1610,770,Jul08_1/24-20190707130700-snapshot.jpg
2,1,20190707,134800,67,5,1494,133,1549,166,Jul08_1/24-20190707134800-snapshot.jpg
2,1,20190707,140030,82,1,705,1027,748,1069,Jul08_1/24-20190707140030-snapshot.jpg
2,1,20190707,140100,82,1,786,786,828,829,Jul08_1/24-20190707140100-snapshot.jpg
2,1,20190707,140400,82,1,262,681,305,722,Jul08_1/24-20190707140400-snapshot.jpg
2,1,20190707,140430,87,1,644,287,689,330,Jul08_1/24-20190707140430-snapshot.jpg
2,1,20190707,140630,88,4,877,572,972,684,Jul08_1/24-20190707140630-snapshot.jpg
2,1,20190707,141330,86,1,1193,614,1237,657,Jul08_1/24-20190707141330-snapshot.jpg
2,1,20190707,141430,48,1,640,184,686,223,Jul08_1/24-20190707141430-snapshot.jpg
2,1,20190707,142800,39,6,933,556,1001,605,Jul08_1/24-20190707142800-snapshot.jpg
2,1,20190707,142930,49,6,946,516,1024,558,Jul08_1/24-20190707142930-snapshot.jpg
2,1,20190707,143130,87,1,818,112,868,171,Jul08_1/24-20190707143130-snapshot.jpg
2,1,20190707,143300,74,6,539,6,655,88,Jul08_1/24-20190707143300-snapshot.jpg
2,1,20190707,152830,87,3,888,561,952,665,Jul08_1/24-20190707152830-snapshot.jpg
2,1,20190707,160030,72,1,483,127,529,168,Jul08_1/24-20190707160030-snapshot.jpg
2,1,20190707,160500,82,1,1371,1046,1418,1080,Jul08_1/24-20190707160500-snapshot.jpg
2,1,20190707,165330,75,5,919,8,992,57,Jul08_1/24-20190707165330-snapshot.jpg
2,1,20190707,172330,76,1,315,502,360,541,Jul08_1/24-20190707172330-snapshot.jpg
2,1,20190708,064930,86,1,1423,595,1468,638,Jul08_1/25-20190708064930-snapshot.jpg
2,1,20190708,065030,80,1,1742,257,1788,298,Jul08_1/25-20190708065030-snapshot.jpg
2,1,20190708,074430,63,2,258,994,366,1060,Jul08_1/25-20190708074430-snapshot.jpg
2,1,20190708,075430,80,1,1254,1029,1298,1071,Jul08_1/25-20190708075430-snapshot.jpg
2,1,20190708,075530,71,1,1465,898,1505,937,Jul08_1/25-20190708075530-snapshot.jpg
2,1,20190708,075700,88,1,1533,670,1579,723,Jul08_1/25-20190708075700-snapshot.jpg
2,1,20190708,075730,89,1,1533,670,1579,722,Jul08_1/25-20190708075730-snapshot.jpg
2,1,20190708,075800,87,1,1461,550,1507,594,Jul08_1/25-20190708075800-snapshot.jpg
2,1,20190708,080300,77,1,943,45,992,95,Jul08_1/25-20190708080300-snapshot.jpg
2,1,20190708,080330,84,1,1038,123,1083,166,Jul08_1/25-20190708080330-snapshot.jpg
2,1,20190708,080400,46,1,1233,53,1281,92,Jul08_1/25-20190708080400-snapshot.jpg
2,1,20190708,085000,77,1,1393,866,1436,913,Jul08_1/25-20190708085000-snapshot.jpg
2,1,20190708,085100,82,1,1536,865,1580,910,Jul08_1/25-20190708085100-snapshot.jpg
2,1,20190708,085230,86,1,838,776,887,821,Jul08_1/25-20190708085230-snapshot.jpg
2,1,20190708,085430,84,1,16,178,65,220,Jul08_1/25-20190708085430-snapshot.jpg
2,1,20190708,090400,89,1,658,98,712,155,Jul08_1/25-20190708090400-snapshot.jpg
2,1,20190708,092730,83,1,1369,1022,1420,1074,Jul08_1/25-20190708092730-snapshot.jpg
2,1,20190708,092930,84,1,1301,137,1352,192,Jul08_1/25-20190708092930-snapshot.jpg
