2,1,20190910,094200,66,2,1814,566,1896,654,Sep30_1/02-20190910094200-snapshot.jpg
2,1,20190910,094830,30,2,526,1001,592,1054,Sep30_1/02-20190910094830-snapshot.jpg
2,1,20190910,094930,30,2,1095,826,1149,880,Sep30_1/02-20190910094930-snapshot.jpg
2,1,20190910,121900,88,2,715,1017,813,1074,Sep30_1/04-20190910121900-snapshot.jpg
2,1,20190910,122230,86,2,870,424,943,507,Sep30_1/04-20190910122230-snapshot.jpg
2,1,20190910,122300,85,2,650,716,732,795,Sep30_1/04-20190910122300-snapshot.jpg
2,1,20190910,125330,85,2,994,611,1073,687,Sep30_1/09-20190910125330-snapshot.jpg
2,1,20190910,130000,85,2,1760,726,1837,806,Sep30_1/09-20190910130000-snapshot.jpg
2,1,20190910,130100,86,2,756,724,817,792,Sep30_1/09-20190910130100-snapshot.jpg
2,1,20190910,130130,88,2,823,587,933,644,Sep30_1/09-20190910130130-snapshot.jpg
2,1,20190911,194730,31,1,1393,14,1442,51,Sep30_1/103-20190911194730-snapshot.jpg
2,1,20190911,194900,32,1,1393,11,1442,51,Sep30_1/103-20190911194900-snapshot.jpg
2,1,20190912,063900,35,1,1395,19,1441,55,Sep30_1/105-20190912063900-snapshot.jpg
2,1,20190910,132600,90,2,929,317,1017,391,Sep30_1/11-20190910132600-snapshot.jpg
2,1,20190910,133830,59,2,889,796,959,850,Sep30_1/12-20190910133830-snapshot.jpg
2,1,20190910,133900,26,2,925,291,974,360,Sep30_1/12-20190910133900-snapshot.jpg
2,1,20190910,133930,87,2,838,430,901,516,Sep30_1/12-20190910133930-snapshot.jpg
2,1,20190910,134800,75,2,924,666,998,751,Sep30_1/12-20190910134800-snapshot.jpg
2,1,20190910,141430,90,2,480,363,565,440,Sep30_1/12-20190910141430-snapshot.jpg
2,1,20190910,141530,78,2,266,215,319,285,Sep30_1/12-20190910141530-snapshot.jpg
2,1,20190910,142500,89,9,907,762,1006,831,Sep30_1/12-20190910142500-snapshot.jpg
2,1,20190910,143630,87,2,988,584,1049,668,Sep30_1/13-20190910143630-snapshot.jpg
2,1,20190912,104400,40,1,795,1017,845,1066,Sep30_1/148-20190912104400-snapshot.jpg
2,1,20190912,104430,64,1,796,1017,845,1065,Sep30_1/148-20190912104430-snapshot.jpg
2,1,20190912,104500,57,1,795,1017,845,1066,Sep30_1/148-20190912104500-snapshot.jpg
2,1,20190912,104530,51,1,795,1017,845,1065,Sep30_1/148-20190912104530-snapshot.jpg
2,1,20190912,104630,47,1,794,1017,845,1066,Sep30_1/149-20190912104630-snapshot.jpg
2,1,20190912,104700,30,1,795,1018,845,1065,Sep30_1/149-20190912104700-snapshot.jpg
2,1,20190912,104730,59,1,795,1016,845,1065,Sep30_1/149-20190912104730-snapshot.jpg
2,1,20190910,153100,72,9,906,158,965,249,Sep30_1/15-20190910153100-snapshot.jpg
2,1,20190910,153130,83,9,1007,0,1084,44,Sep30_1/15-20190910153130-snapshot.jpg
2,1,20190910,154800,84,2,766,771,826,840,Sep30_1/15-20190910154800-snapshot.jpg
2,1,20190910,154830,88,2,604,944,692,1029,Sep30_1/15-20190910154830-snapshot.jpg
2,1,20190910,154900,90,2,796,971,878,1058,Sep30_1/15-20190910154900-snapshot.jpg
2,1,20190910,154930,86,2,1107,9,1170,90,Sep30_1/15-20190910154930-snapshot.jpg
2,1,20190910,155300,85,2,787,677,848,768,Sep30_1/15-20190910155300-snapshot.jpg
2,1,20190910,160400,87,2,442,997,542,1061,Sep30_1/15-20190910160400-snapshot.jpg
2,1,20190910,162130,88,2,764,994,855,1049,Sep30_1/15-20190910162130-snapshot.jpg
2,1,20190910,162200,90,2,909,662,1001,734,Sep30_1/15-20190910162200-snapshot.jpg
2,1,20190910,162230,89,2,491,211,580,284,Sep30_1/15-20190910162230-snapshot.jpg
2,1,20190910,162330,88,2,887,701,944,781,Sep30_1/15-20190910162330-snapshot.jpg
2,1,20190912,104800,50,1,795,1017,845,1065,Sep30_1/150-20190912104800-snapshot.jpg
2,1,20190912,104830,58,1,795,1017,845,1065,Sep30_1/150-20190912104830-snapshot.jpg
2,1,20190912,104900,49,1,796,1015,846,1063,Sep30_1/150-20190912104900-snapshot.jpg
2,1,20190912,104930,80,8,1613,636,1699,699,Sep30_1/150-20190912104930-snapshot.jpg
2,1,20190912,105000,73,8,1615,640,1701,699,Sep30_1/150-20190912105000-snapshot.jpg
2,1,20190912,105030,67,8,1613,636,1702,699,Sep30_1/150-20190912105030-snapshot.jpg
2,1,20190912,105130,67,8,1619,640,1702,699,Sep30_1/151-20190912105130-snapshot.jpg
2,1,20190912,105200,66,8,1622,642,1703,698,Sep30_1/151-20190912105200-snapshot.jpg
2,1,20190912,105230,42,8,1620,641,1704,700,Sep30_1/151-20190912105230-snapshot.jpg
2,1,20190912,105300,39,8,1623,642,1704,700,Sep30_1/151-20190912105300-snapshot.jpg
2,1,20190912,105400,28,8,1619,640,1703,698,Sep30_1/152-20190912105400-snapshot.jpg
2,1,20190912,110000,29,8,1622,643,1707,698,Sep30_1/153-20190912110000-snapshot.jpg
2,1,20190912,110030,51,8,1622,643,1707,698,Sep30_1/153-20190912110030-snapshot.jpg
2,1,20190912,110330,28,8,1623,642,1705,699,Sep30_1/154-20190912110330-snapshot.jpg
2,1,20190912,110630,34,8,1623,641,1705,698,Sep30_1/154-20190912110630-snapshot.jpg
2,1,20190912,110630,90,2,740,940,828,1020,Sep30_1/154-20190912110630-snapshot.jpg
2,1,20190912,110730,36,8,1621,642,1703,697,Sep30_1/154-20190912110730-snapshot.jpg
2,1,20190912,110930,40,8,1619,640,1703,699,Sep30_1/154-20190912110930-snapshot.jpg
2,1,20190912,111100,28,8,1615,639,1700,698,Sep30_1/154-20190912111100-snapshot.jpg
2,1,20190912,113530,33,2,1496,373,1561,445,Sep30_1/158-20190912113530-snapshot.jpg
2,1,20190912,124230,84,8,1002,960,1087,1017,Sep30_1/163-20190912124230-snapshot.jpg
2,1,20190912,125500,84,8,609,296,702,355,Sep30_1/164-20190912125500-snapshot.jpg
2,1,20190912,125900,90,2,1041,589,1127,675,Sep30_1/164-20190912125900-snapshot.jpg
2,1,20190912,130830,90,2,768,591,851,675,Sep30_1/164-20190912130830-snapshot.jpg
2,1,20190912,131730,87,2,1049,912,1133,993,Sep30_1/166-20190912131730-snapshot.jpg
2,1,20190912,131900,74,2,673,386,763,457,Sep30_1/166-20190912131900-snapshot.jpg
2,1,20190912,132800,84,2,889,609,948,683,Sep30_1/166-20190912132800-snapshot.jpg
2,1,20190912,132830,54,2,646,703,699,765,Sep30_1/166-20190912132830-snapshot.jpg
2,1,20190912,133430,86,2,694,1014,774,1080,Sep30_1/166-20190912133430-snapshot.jpg
2,1,20190912,133630,51,2,318,137,411,203,Sep30_1/166-20190912133630-snapshot.jpg
2,1,20190912,133700,80,2,602,713,660,794,Sep30_1/166-20190912133700-snapshot.jpg
2,1,20190912,133800,88,2,983,829,1082,893,Sep30_1/166-20190912133800-snapshot.jpg
2,1,20190912,134730,84,2,385,28,450,102,Sep30_1/168-20190912134730-snapshot.jpg
2,1,20190912,134830,84,9,1114,781,1198,873,Sep30_1/168-20190912134830-snapshot.jpg
2,1,20190912,135500,84,2,416,298,483,358,Sep30_1/168-20190912135500-snapshot.jpg
2,1,20190912,144130,87,2,912,555,1012,611,Sep30_1/169-20190912144130-snapshot.jpg
2,1,20190912,144530,86,2,988,675,1065,725,Sep30_1/169-20190912144530-snapshot.jpg
2,1,20190912,144600,55,2,1298,1033,1361,1078,Sep30_1/169-20190912144600-snapshot.jpg
2,1,20190912,145300,77,2,459,851,540,927,Sep30_1/169-20190912145300-snapshot.jpg
2,1,20190912,145530,90,2,516,225,598,288,Sep30_1/169-20190912145530-snapshot.jpg
2,1,20190912,145630,81,2,899,815,970,872,Sep30_1/169-20190912145630-snapshot.jpg
2,1,20190912,152230,88,2,1016,500,1104,563,Sep30_1/169-20190912152230-snapshot.jpg
2,1,20190912,153200,88,2,1025,903,1115,994,Sep30_1/169-20190912153200-snapshot.jpg
2,1,20190912,153830,84,2,446,841,529,915,Sep30_1/169-20190912153830-snapshot.jpg
2,1,20190912,154030,80,2,950,545,1005,632,Sep30_1/169-20190912154030-snapshot.jpg
2,1,20190912,154100,83,2,340,603,402,679,Sep30_1/169-20190912154100-snapshot.jpg
2,1,20190912,155200,85,2,498,210,595,269,Sep30_1/169-20190912155200-snapshot.jpg
2,1,20190912,155300,86,2,836,796,893,877,Sep30_1/169-20190912155300-snapshot.jpg
2,1,20190912,155700,88,2,1130,760,1218,823,Sep30_1/169-20190912155700-snapshot.jpg
2,1,20190912,155800,87,2,541,684,639,742,Sep30_1/169-20190912155800-snapshot.jpg
2,1,20190912,160400,82,2,859,773,939,824,Sep30_1/169-20190912160400-snapshot.jpg
2,1,20190912,160730,88,2,901,712,980,771,Sep30_1/169-20190912160730-snapshot.jpg
2,1,20190912,160830,48,2,988,483,1059,556,Sep30_1/169-20190912160830-snapshot.jpg
2,1,20190912,162100,83,2,423,273,505,343,Sep30_1/169-20190912162100-snapshot.jpg
2,1,20190912,163330,86,2,802,999,879,1080,Sep30_1/169-20190912163330-snapshot.jpg
2,1,20190912,163800,86,2,771,1023,859,1080,Sep30_1/169-20190912163800-snapshot.jpg
2,1,20190912,164030,87,2,622,567,712,623,Sep30_1/169-20190912164030-snapshot.jpg
2,1,20190912,165630,84,2,465,866,555,933,Sep30_1/169-20190912165630-snapshot.jpg
2,1,20190912,170600,69,2,825,733,887,787,Sep30_1/169-20190912170600-snapshot.jpg
2,1,20190912,171730,85,8,861,391,916,468,Sep30_1/169-20190912171730-snapshot.jpg
2,1,20190912,172000,86,2,694,991,773,1069,Sep30_1/169-20190912172000-snapshot.jpg
2,1,20190912,173730,86,2,1146,772,1202,853,Sep30_1/169-20190912173730-snapshot.jpg
2,1,20190912,175330,83,2,896,754,973,811,Sep30_1/169-20190912175330-snapshot.jpg
2,1,20190912,175430,66,8,1624,709,1700,756,Sep30_1/169-20190912175430-snapshot.jpg
2,1,20190912,175600,86,8,1132,107,1191,202,Sep30_1/169-20190912175600-snapshot.jpg
2,1,20190912,175700,85,8,1763,405,1826,502,Sep30_1/169-20190912175700-snapshot.jpg
2,1,20190912,180530,84,8,1201,294,1303,348,Sep30_1/169-20190912180530-snapshot.jpg
2,1,20190912,181600,85,8,1192,320,1247,398,Sep30_1/169-20190912181600-snapshot.jpg
2,1,20190912,181630,62,8,1093,529,1142,588,Sep30_1/169-20190912181630-snapshot.jpg
2,1,20190912,181830,83,8,905,425,980,485,Sep30_1/169-20190912181830-snapshot.jpg
2,1,20190912,184130,82,8,1011,68,1086,124,Sep30_1/169-20190912184130-snapshot.jpg
2,1,20190912,184430,82,8,1099,450,1148,523,Sep30_1/169-20190912184430-snapshot.jpg
2,1,20190912,184530,80,8,1869,467,1920,539,Sep30_1/169-20190912184530-snapshot.jpg
2,1,20190913,112000,86,8,1172,760,1232,826,Sep30_1/181-20190913112000-snapshot.jpg
2,1,20190913,132000,75,2,908,594,966,680,Sep30_1/182-20190913132000-snapshot.jpg
2,1,20190913,140430,88,2,501,215,597,277,Sep30_1/182-20190913140430-snapshot.jpg
2,1,20190913,141830,27,8,76,895,155,952,Sep30_1/183-20190913141830-snapshot.jpg
2,1,20190913,142000,84,8,113,955,208,1012,Sep30_1/183-20190913142000-snapshot.jpg
2,1,20190913,142100,82,8,137,959,226,1020,Sep30_1/183-20190913142100-snapshot.jpg
2,1,20190913,142130,43,8,143,941,207,1013,Sep30_1/183-20190913142130-snapshot.jpg
2,1,20190913,142200,77,8,139,981,217,1048,Sep30_1/183-20190913142200-snapshot.jpg
2,1,20190913,142230,84,8,136,977,224,1045,Sep30_1/183-20190913142230-snapshot.jpg
2,1,20190913,142300,83,8,139,985,227,1053,Sep30_1/183-20190913142300-snapshot.jpg
2,1,20190913,142700,82,2,680,1025,757,1080,Sep30_1/183-20190913142700-snapshot.jpg
2,1,20190913,143400,63,2,424,113,497,187,Sep30_1/183-20190913143400-snapshot.jpg
2,1,20190913,143430,88,2,374,739,467,817,Sep30_1/183-20190913143430-snapshot.jpg
2,1,20190913,143500,84,2,842,732,922,785,Sep30_1/183-20190913143500-snapshot.jpg
2,1,20190913,143730,83,8,0,711,74,769,Sep30_1/183-20190913143730-snapshot.jpg
2,1,20190913,143830,84,8,138,967,222,1040,Sep30_1/183-20190913143830-snapshot.jpg
2,1,20190913,144530,81,8,145,961,222,1032,Sep30_1/184-20190913144530-snapshot.jpg
2,1,20190913,150100,83,8,138,969,227,1030,Sep30_1/184-20190913150100-snapshot.jpg
2,1,20190913,150130,83,8,139,973,224,1034,Sep30_1/184-20190913150130-snapshot.jpg
2,1,20190913,150200,84,8,136,968,226,1032,Sep30_1/184-20190913150200-snapshot.jpg
2,1,20190913,150230,83,8,137,973,223,1035,Sep30_1/184-20190913150230-snapshot.jpg
2,1,20190913,150300,84,8,136,969,225,1033,Sep30_1/184-20190913150300-snapshot.jpg
2,1,20190913,161230,81,8,2,931,52,999,Sep30_1/184-20190913161230-snapshot.jpg
2,1,20190913,162530,68,2,721,688,807,767,Sep30_1/184-20190913162530-snapshot.jpg
2,1,20190914,064430,32,1,1247,437,1306,490,Sep30_1/187-20190914064430-snapshot.jpg
2,1,20190914,064600,39,1,932,38,1002,105,Sep30_1/187-20190914064600-snapshot.jpg
2,1,20190914,064600,74,1,1248,438,1305,489,Sep30_1/187-20190914064600-snapshot.jpg
2,1,20190914,064630,33,1,1246,437,1304,490,Sep30_1/187-20190914064630-snapshot.jpg
2,1,20190914,064800,36,1,1387,14,1442,58,Sep30_1/188-20190914064800-snapshot.jpg
2,1,20190914,064830,48,1,1390,15,1445,58,Sep30_1/188-20190914064830-snapshot.jpg
2,1,20190914,064900,32,1,1388,15,1442,57,Sep30_1/188-20190914064900-snapshot.jpg
2,1,20190914,064930,39,1,1389,16,1442,58,Sep30_1/188-20190914064930-snapshot.jpg
2,1,20190914,065000,40,1,1390,16,1443,57,Sep30_1/188-20190914065000-snapshot.jpg
2,1,20190910,194330,26,4,859,187,923,262,Sep30_1/21-20190910194330-snapshot.jpg
2,1,20190910,194400,40,4,859,188,923,261,Sep30_1/21-20190910194400-snapshot.jpg
2,1,20190910,194430,32,4,858,182,922,262,Sep30_1/21-20190910194430-snapshot.jpg
2,1,20190910,194500,42,4,857,185,925,264,Sep30_1/21-20190910194500-snapshot.jpg
2,1,20190910,194600,33,4,857,189,932,265,Sep30_1/21-20190910194600-snapshot.jpg
2,1,20190910,194700,25,4,857,183,936,266,Sep30_1/21-20190910194700-snapshot.jpg
2,1,20190910,194730,45,4,856,174,927,264,Sep30_1/21-20190910194730-snapshot.jpg
2,1,20190910,194800,49,4,854,175,929,265,Sep30_1/21-20190910194800-snapshot.jpg
2,1,20190910,194830,28,4,855,172,925,262,Sep30_1/21-20190910194830-snapshot.jpg
2,1,20190910,195000,32,4,854,175,928,263,Sep30_1/21-20190910195000-snapshot.jpg
2,1,20190910,195100,32,4,850,184,937,268,Sep30_1/21-20190910195100-snapshot.jpg
2,1,20190914,085230,26,2,954,391,1007,460,Sep30_1/216-20190914085230-snapshot.jpg
2,1,20190914,092130,78,8,70,253,146,308,Sep30_1/221-20190914092130-snapshot.jpg
2,1,20190914,104400,27,2,954,392,1005,457,Sep30_1/240-20190914104400-snapshot.jpg
2,1,20190914,105730,88,2,398,297,490,357,Sep30_1/244-20190914105730-snapshot.jpg
2,1,20190914,113000,84,8,1055,94,1125,175,Sep30_1/256-20190914113000-snapshot.jpg
2,1,20190914,143230,31,8,1623,631,1686,702,Sep30_1/305-20190914143230-snapshot.jpg
2,1,20190914,143500,29,8,1624,631,1682,701,Sep30_1/306-20190914143500-snapshot.jpg
2,1,20190914,143730,30,8,1505,658,1576,718,Sep30_1/306-20190914143730-snapshot.jpg
2,1,20190914,163430,72,8,1611,836,1679,899,Sep30_1/339-20190914163430-snapshot.jpg
2,1,20190914,165700,83,8,508,83,568,173,Sep30_1/340-20190914165700-snapshot.jpg
2,1,20190915,100430,84,8,736,862,787,926,Sep30_1/398-20190915100430-snapshot.jpg
2,1,20190915,135030,85,8,140,687,226,757,Sep30_1/410-20190915135030-snapshot.jpg
2,1,20190915,145700,88,9,961,71,1035,175,Sep30_1/414-20190915145700-snapshot.jpg
2,1,20190915,145900,86,9,697,968,798,1047,Sep30_1/414-20190915145900-snapshot.jpg
2,1,20190915,145930,87,9,1090,791,1195,863,Sep30_1/414-20190915145930-snapshot.jpg
2,1,20190915,150000,73,2,978,488,1045,545,Sep30_1/414-20190915150000-snapshot.jpg
2,1,20190915,151600,64,2,859,537,931,592,Sep30_1/417-20190915151600-snapshot.jpg
2,1,20190915,151630,32,2,858,538,932,595,Sep30_1/417-20190915151630-snapshot.jpg
2,1,20190915,151700,48,2,859,536,932,593,Sep30_1/417-20190915151700-snapshot.jpg
2,1,20190915,151800,64,2,859,536,931,592,Sep30_1/417-20190915151800-snapshot.jpg
2,1,20190915,151830,28,2,858,537,929,593,Sep30_1/417-20190915151830-snapshot.jpg
2,1,20190915,151930,37,2,859,537,929,594,Sep30_1/417-20190915151930-snapshot.jpg
2,1,20190915,152000,50,2,859,536,930,595,Sep30_1/417-20190915152000-snapshot.jpg
2,1,20190915,154100,70,2,636,507,692,561,Sep30_1/417-20190915154100-snapshot.jpg
2,1,20190915,154130,48,2,638,506,692,560,Sep30_1/417-20190915154130-snapshot.jpg
2,1,20190915,154200,68,2,635,503,690,558,Sep30_1/417-20190915154200-snapshot.jpg
2,1,20190915,154400,74,2,477,362,547,406,Sep30_1/417-20190915154400-snapshot.jpg
2,1,20190915,154500,26,2,472,281,523,340,Sep30_1/417-20190915154500-snapshot.jpg
2,1,20190915,154630,36,2,504,240,555,297,Sep30_1/417-20190915154630-snapshot.jpg
2,1,20190915,154700,29,2,504,241,555,297,Sep30_1/417-20190915154700-snapshot.jpg
2,1,20190915,154730,31,2,501,240,553,297,Sep30_1/417-20190915154730-snapshot.jpg
2,1,20190915,155730,42,8,517,322,590,366,Sep30_1/417-20190915155730-snapshot.jpg
2,1,20190915,155800,39,8,517,321,591,365,Sep30_1/417-20190915155800-snapshot.jpg
2,1,20190915,155830,28,8,527,309,589,363,Sep30_1/417-20190915155830-snapshot.jpg
2,1,20190915,155900,56,8,520,310,594,363,Sep30_1/417-20190915155900-snapshot.jpg
2,1,20190915,155930,30,2,519,310,586,359,Sep30_1/417-20190915155930-snapshot.jpg
2,1,20190915,155930,44,8,519,309,592,360,Sep30_1/417-20190915155930-snapshot.jpg
2,1,20190915,160000,63,8,521,307,599,358,Sep30_1/417-20190915160000-snapshot.jpg
2,1,20190915,160030,75,8,526,306,600,357,Sep30_1/417-20190915160030-snapshot.jpg
2,1,20190915,161730,29,2,369,248,457,305,Sep30_1/417-20190915161730-snapshot.jpg
2,1,20190915,164400,84,2,956,769,1056,840,Sep30_1/419-20190915164400-snapshot.jpg
2,1,20190915,173430,74,8,124,977,209,1029,Sep30_1/423-20190915173430-snapshot.jpg
2,1,20190916,064830,27,1,131,584,191,641,Sep30_1/441-20190916064830-snapshot.jpg
2,1,20190916,064930,45,1,1298,253,1355,306,Sep30_1/441-20190916064930-snapshot.jpg
2,1,20190916,065000,62,1,1299,252,1356,306,Sep30_1/442-20190916065000-snapshot.jpg
2,1,20190916,065030,72,1,1298,254,1354,305,Sep30_1/442-20190916065030-snapshot.jpg
2,1,20190916,065100,62,1,1298,253,1355,305,Sep30_1/442-20190916065100-snapshot.jpg
2,1,20190916,065130,50,1,1299,253,1355,305,Sep30_1/442-20190916065130-snapshot.jpg
2,1,20190916,065200,53,1,1300,253,1355,304,Sep30_1/442-20190916065200-snapshot.jpg
2,1,20190916,065230,74,1,1301,253,1355,304,Sep30_1/442-20190916065230-snapshot.jpg
2,1,20190916,065300,74,1,1301,253,1355,304,Sep30_1/442-20190916065300-snapshot.jpg
2,1,20190916,065330,62,1,1302,254,1356,303,Sep30_1/442-20190916065330-snapshot.jpg
2,1,20190916,065400,30,1,1303,256,1353,302,Sep30_1/442-20190916065400-snapshot.jpg
2,1,20190916,065430,57,1,1302,255,1355,304,Sep30_1/442-20190916065430-snapshot.jpg
2,1,20190916,134000,88,2,971,616,1054,697,Sep30_1/454-20190916134000-snapshot.jpg
2,1,20190916,164630,52,2,911,555,961,619,Sep30_1/465-20190916164630-snapshot.jpg
2,1,20190916,164700,27,2,912,556,961,620,Sep30_1/465-20190916164700-snapshot.jpg
2,1,20190916,164800,64,2,909,557,958,619,Sep30_1/465-20190916164800-snapshot.jpg
2,1,20190916,164830,50,2,848,545,924,594,Sep30_1/465-20190916164830-snapshot.jpg
2,1,20190916,164900,57,2,850,554,925,600,Sep30_1/465-20190916164900-snapshot.jpg
2,1,20190916,164930,63,2,848,555,923,598,Sep30_1/465-20190916164930-snapshot.jpg
2,1,20190916,173300,87,9,998,308,1103,376,Sep30_1/465-20190916173300-snapshot.jpg
2,1,20190916,173330,85,9,617,773,719,846,Sep30_1/465-20190916173330-snapshot.jpg
2,1,20190916,173400,89,9,495,859,595,931,Sep30_1/465-20190916173400-snapshot.jpg
2,1,20190916,173730,85,9,1031,830,1137,918,Sep30_1/465-20190916173730-snapshot.jpg
2,1,20190916,173800,83,9,958,615,1059,698,Sep30_1/465-20190916173800-snapshot.jpg
2,1,20190916,174230,86,9,992,354,1052,440,Sep30_1/466-20190916174230-snapshot.jpg
2,1,20190917,072400,33,8,1772,216,1877,292,Sep30_1/482-20190917072400-snapshot.jpg
2,1,20190917,072730,50,8,1776,224,1875,293,Sep30_1/482-20190917072730-snapshot.jpg
2,1,20190917,072800,72,8,1775,220,1876,293,Sep30_1/482-20190917072800-snapshot.jpg
2,1,20190917,072830,78,8,1775,220,1873,292,Sep30_1/482-20190917072830-snapshot.jpg
2,1,20190917,072900,28,8,1772,230,1875,298,Sep30_1/482-20190917072900-snapshot.jpg
2,1,20190917,072930,63,8,1775,224,1876,294,Sep30_1/482-20190917072930-snapshot.jpg
2,1,20190917,073000,59,8,1771,225,1874,294,Sep30_1/482-20190917073000-snapshot.jpg
2,1,20190917,073030,69,8,1775,225,1880,293,Sep30_1/482-20190917073030-snapshot.jpg
2,1,20190917,073130,48,8,1769,223,1873,294,Sep30_1/482-20190917073130-snapshot.jpg
2,1,20190917,073300,50,8,1771,228,1873,296,Sep30_1/482-20190917073300-snapshot.jpg
2,1,20190917,073330,36,8,1767,235,1873,304,Sep30_1/482-20190917073330-snapshot.jpg
2,1,20190917,073400,63,8,1769,222,1873,295,Sep30_1/482-20190917073400-snapshot.jpg
2,1,20190917,073430,62,8,1767,224,1874,297,Sep30_1/482-20190917073430-snapshot.jpg
2,1,20190917,073500,77,8,1773,225,1872,293,Sep30_1/482-20190917073500-snapshot.jpg
2,1,20190917,073530,47,8,1771,222,1873,293,Sep30_1/482-20190917073530-snapshot.jpg
2,1,20190917,073600,40,8,1770,221,1873,292,Sep30_1/482-20190917073600-snapshot.jpg
2,1,20190917,073700,34,8,1767,233,1871,307,Sep30_1/482-20190917073700-snapshot.jpg
2,1,20190917,073730,76,8,1771,223,1870,292,Sep30_1/482-20190917073730-snapshot.jpg
2,1,20190917,073800,38,8,1769,225,1871,295,Sep30_1/482-20190917073800-snapshot.jpg
2,1,20190917,073830,56,8,1769,222,1871,295,Sep30_1/482-20190917073830-snapshot.jpg
2,1,20190917,073900,40,8,1767,233,1870,304,Sep30_1/482-20190917073900-snapshot.jpg
2,1,20190917,073930,59,8,1766,223,1871,297,Sep30_1/482-20190917073930-snapshot.jpg
2,1,20190917,074000,59,8,1767,225,1872,295,Sep30_1/482-20190917074000-snapshot.jpg
2,1,20190917,074030,65,8,1768,223,1872,295,Sep30_1/482-20190917074030-snapshot.jpg
2,1,20190917,074100,37,8,1766,234,1870,303,Sep30_1/482-20190917074100-snapshot.jpg
2,1,20190917,074130,50,8,1766,224,1873,297,Sep30_1/482-20190917074130-snapshot.jpg
2,1,20190917,074230,48,8,1766,235,1871,306,Sep30_1/482-20190917074230-snapshot.jpg
2,1,20190917,074300,51,8,1766,233,1870,304,Sep30_1/482-20190917074300-snapshot.jpg
2,1,20190917,074330,31,8,1767,223,1870,297,Sep30_1/482-20190917074330-snapshot.jpg
2,1,20190917,074400,51,8,1765,234,1869,307,Sep30_1/482-20190917074400-snapshot.jpg
2,1,20190917,074430,54,8,1768,224,1870,297,Sep30_1/482-20190917074430-snapshot.jpg
2,1,20190917,074500,41,8,1768,224,1870,296,Sep30_1/482-20190917074500-snapshot.jpg
2,1,20190917,074530,43,8,1766,233,1871,304,Sep30_1/482-20190917074530-snapshot.jpg
2,1,20190917,074630,68,8,1766,233,1870,304,Sep30_1/482-20190917074630-snapshot.jpg
2,1,20190917,074700,63,8,1767,225,1871,298,Sep30_1/482-20190917074700-snapshot.jpg
2,1,20190917,074730,33,8,1768,226,1870,297,Sep30_1/482-20190917074730-snapshot.jpg
2,1,20190917,074800,66,8,1768,234,1868,306,Sep30_1/482-20190917074800-snapshot.jpg
2,1,20190917,074830,52,8,1769,228,1869,298,Sep30_1/482-20190917074830-snapshot.jpg
2,1,20190917,074900,68,8,1767,225,1869,298,Sep30_1/482-20190917074900-snapshot.jpg
2,1,20190917,074930,56,8,1770,235,1868,302,Sep30_1/482-20190917074930-snapshot.jpg
2,1,20190917,075000,43,8,1771,234,1868,301,Sep30_1/482-20190917075000-snapshot.jpg
2,1,20190917,075030,54,8,1771,234,1868,302,Sep30_1/482-20190917075030-snapshot.jpg
2,1,20190917,075100,39,8,1772,238,1865,300,Sep30_1/482-20190917075100-snapshot.jpg
2,1,20190917,075200,42,8,1771,232,1866,295,Sep30_1/482-20190917075200-snapshot.jpg
2,1,20190917,075230,33,8,1771,238,1864,300,Sep30_1/482-20190917075230-snapshot.jpg
2,1,20190917,075300,44,8,1772,229,1866,296,Sep30_1/482-20190917075300-snapshot.jpg
2,1,20190917,075330,30,8,1773,244,1862,302,Sep30_1/482-20190917075330-snapshot.jpg
2,1,20190917,075400,42,8,1773,240,1863,301,Sep30_1/482-20190917075400-snapshot.jpg
2,1,20190917,075430,78,8,1772,241,1864,302,Sep30_1/482-20190917075430-snapshot.jpg
2,1,20190917,075500,29,8,1771,238,1862,301,Sep30_1/482-20190917075500-snapshot.jpg
2,1,20190917,075530,28,8,1771,239,1863,301,Sep30_1/482-20190917075530-snapshot.jpg
2,1,20190917,075600,45,8,1771,240,1862,300,Sep30_1/482-20190917075600-snapshot.jpg
2,1,20190917,075630,56,8,1771,239,1864,300,Sep30_1/482-20190917075630-snapshot.jpg
2,1,20190917,075700,58,8,1771,240,1864,299,Sep30_1/482-20190917075700-snapshot.jpg
2,1,20190917,075730,37,8,1771,241,1863,302,Sep30_1/482-20190917075730-snapshot.jpg
2,1,20190917,075800,32,8,1771,242,1862,301,Sep30_1/482-20190917075800-snapshot.jpg
2,1,20190917,075830,37,8,1770,242,1863,302,Sep30_1/482-20190917075830-snapshot.jpg
2,1,20190917,075900,30,8,1775,244,1862,300,Sep30_1/482-20190917075900-snapshot.jpg
2,1,20190917,075930,26,8,1773,239,1863,298,Sep30_1/482-20190917075930-snapshot.jpg
2,1,20190917,080000,41,8,1774,232,1864,293,Sep30_1/482-20190917080000-snapshot.jpg
2,1,20190917,080100,47,8,1774,242,1862,299,Sep30_1/482-20190917080100-snapshot.jpg
2,1,20190917,080130,33,8,1773,233,1864,293,Sep30_1/482-20190917080130-snapshot.jpg
2,1,20190917,080730,39,8,1769,228,1865,294,Sep30_1/483-20190917080730-snapshot.jpg
2,1,20190917,080900,48,8,1772,227,1865,293,Sep30_1/483-20190917080900-snapshot.jpg
2,1,20190917,081030,29,8,1512,644,1570,699,Sep30_1/483-20190917081030-snapshot.jpg
2,1,20190917,081330,26,8,1771,239,1861,300,Sep30_1/483-20190917081330-snapshot.jpg
2,1,20190917,081430,27,8,1772,224,1863,290,Sep30_1/483-20190917081430-snapshot.jpg
2,1,20190917,081930,41,8,1773,231,1862,293,Sep30_1/483-20190917081930-snapshot.jpg
2,1,20190917,082000,38,8,1774,243,1861,298,Sep30_1/483-20190917082000-snapshot.jpg
2,1,20190917,082030,58,8,1774,229,1863,292,Sep30_1/483-20190917082030-snapshot.jpg
2,1,20190917,082100,32,8,1776,228,1862,290,Sep30_1/483-20190917082100-snapshot.jpg
2,1,20190917,082200,48,8,1773,229,1862,292,Sep30_1/483-20190917082200-snapshot.jpg
2,1,20190917,082300,49,8,1773,232,1863,293,Sep30_1/483-20190917082300-snapshot.jpg
2,1,20190917,082330,63,8,1771,229,1864,291,Sep30_1/483-20190917082330-snapshot.jpg
2,1,20190917,082400,40,8,1771,228,1863,292,Sep30_1/483-20190917082400-snapshot.jpg
2,1,20190917,082430,46,8,1772,228,1864,291,Sep30_1/483-20190917082430-snapshot.jpg
2,1,20190917,082500,31,8,1772,229,1863,290,Sep30_1/483-20190917082500-snapshot.jpg
2,1,20190917,082530,58,8,1768,225,1865,290,Sep30_1/483-20190917082530-snapshot.jpg
2,1,20190917,082600,52,8,1769,230,1866,293,Sep30_1/483-20190917082600-snapshot.jpg
2,1,20190917,082730,29,8,1770,231,1865,293,Sep30_1/483-20190917082730-snapshot.jpg
2,1,20190917,082930,29,8,1770,226,1863,290,Sep30_1/483-20190917082930-snapshot.jpg
2,1,20190917,083000,43,8,1769,240,1862,300,Sep30_1/483-20190917083000-snapshot.jpg
2,1,20190917,083030,63,8,1769,240,1863,297,Sep30_1/483-20190917083030-snapshot.jpg
2,1,20190917,083100,40,8,1769,240,1862,301,Sep30_1/483-20190917083100-snapshot.jpg
2,1,20190917,083130,51,8,1768,227,1864,293,Sep30_1/483-20190917083130-snapshot.jpg
2,1,20190917,084100,29,8,1511,640,1568,699,Sep30_1/483-20190917084100-snapshot.jpg
2,1,20190917,084400,26,8,1769,245,1859,302,Sep30_1/483-20190917084400-snapshot.jpg
2,1,20190917,084930,38,8,1768,245,1858,301,Sep30_1/483-20190917084930-snapshot.jpg
2,1,20190917,085000,27,8,1770,244,1860,301,Sep30_1/483-20190917085000-snapshot.jpg
2,1,20190917,085530,42,8,1768,246,1861,302,Sep30_1/483-20190917085530-snapshot.jpg
2,1,20190917,090200,26,8,1772,246,1859,300,Sep30_1/483-20190917090200-snapshot.jpg
2,1,20190917,090500,33,8,1771,246,1859,301,Sep30_1/483-20190917090500-snapshot.jpg
2,1,20190917,090600,27,8,1771,246,1859,300,Sep30_1/483-20190917090600-snapshot.jpg
2,1,20190917,092830,37,8,1767,241,1858,299,Sep30_1/484-20190917092830-snapshot.jpg
2,1,20190917,093200,25,8,1771,245,1857,299,Sep30_1/484-20190917093200-snapshot.jpg
2,1,20190917,093230,36,8,1770,243,1858,298,Sep30_1/484-20190917093230-snapshot.jpg
2,1,20190917,093300,43,8,1769,244,1857,299,Sep30_1/484-20190917093300-snapshot.jpg
2,1,20190917,093400,39,8,1773,245,1858,299,Sep30_1/484-20190917093400-snapshot.jpg
2,1,20190917,093430,36,8,1769,244,1857,299,Sep30_1/484-20190917093430-snapshot.jpg
2,1,20190917,093530,49,8,1772,244,1859,298,Sep30_1/484-20190917093530-snapshot.jpg
2,1,20190917,093600,57,8,1770,246,1858,301,Sep30_1/484-20190917093600-snapshot.jpg
2,1,20190917,093730,30,8,1773,244,1859,299,Sep30_1/484-20190917093730-snapshot.jpg
2,1,20190917,094530,25,8,1769,242,1858,299,Sep30_1/484-20190917094530-snapshot.jpg
2,1,20190917,094730,26,8,1771,245,1858,300,Sep30_1/484-20190917094730-snapshot.jpg
2,1,20190917,104000,49,8,1625,629,1705,688,Sep30_1/484-20190917104000-snapshot.jpg
2,1,20190917,104330,55,9,520,843,592,925,Sep30_1/484-20190917104330-snapshot.jpg
2,1,20190917,105800,40,2,637,770,695,836,Sep30_1/484-20190917105800-snapshot.jpg
2,1,20190917,110300,77,2,717,952,789,1008,Sep30_1/484-20190917110300-snapshot.jpg
2,1,20190917,110700,43,2,751,502,808,566,Sep30_1/484-20190917110700-snapshot.jpg
2,1,20190917,110730,46,2,754,501,807,566,Sep30_1/484-20190917110730-snapshot.jpg
2,1,20190917,111000,69,2,710,581,764,649,Sep30_1/484-20190917111000-snapshot.jpg
2,1,20190917,111030,63,2,634,730,690,788,Sep30_1/484-20190917111030-snapshot.jpg
2,1,20190917,112630,85,9,472,373,543,454,Sep30_1/484-20190917112630-snapshot.jpg
2,1,20190917,124200,79,9,621,846,719,939,Sep30_1/484-20190917124200-snapshot.jpg
2,1,20190917,124230,69,2,661,597,726,671,Sep30_1/484-20190917124230-snapshot.jpg
2,1,20190917,185530,25,8,1777,245,1860,297,Sep30_1/494-20190917185530-snapshot.jpg
2,1,20190917,185600,31,8,1779,245,1862,297,Sep30_1/494-20190917185600-snapshot.jpg
2,1,20190917,185830,33,8,1776,244,1862,297,Sep30_1/495-20190917185830-snapshot.jpg
2,1,20190917,192830,37,1,147,583,212,652,Sep30_1/497-20190917192830-snapshot.jpg
2,1,20190917,192930,30,1,146,583,212,653,Sep30_1/497-20190917192930-snapshot.jpg
2,1,20190918,074830,27,8,1511,641,1567,698,Sep30_1/517-20190918074830-snapshot.jpg
2,1,20190918,074900,26,8,1513,641,1568,697,Sep30_1/517-20190918074900-snapshot.jpg
2,1,20190918,075030,42,8,1513,641,1568,695,Sep30_1/518-20190918075030-snapshot.jpg
2,1,20190918,075300,64,8,1513,641,1569,695,Sep30_1/520-20190918075300-snapshot.jpg
2,1,20190918,080030,27,8,1513,642,1568,697,Sep30_1/521-20190918080030-snapshot.jpg
2,1,20190918,080930,59,8,1513,640,1568,694,Sep30_1/524-20190918080930-snapshot.jpg
2,1,20190918,083700,32,8,1515,641,1566,693,Sep30_1/528-20190918083700-snapshot.jpg
2,1,20190918,100000,33,5,1433,994,1489,1064,Sep30_1/528-20190918100000-snapshot.jpg
2,1,20190918,100030,39,5,1433,993,1489,1063,Sep30_1/528-20190918100030-snapshot.jpg
2,1,20190918,100130,29,5,1431,994,1488,1062,Sep30_1/528-20190918100130-snapshot.jpg
2,1,20190918,100400,29,5,1433,993,1488,1063,Sep30_1/528-20190918100400-snapshot.jpg
2,1,20190918,100700,49,5,1433,992,1487,1061,Sep30_1/528-20190918100700-snapshot.jpg
2,1,20190918,100800,38,5,1432,992,1487,1062,Sep30_1/528-20190918100800-snapshot.jpg
2,1,20190918,100830,47,5,1434,991,1487,1059,Sep30_1/528-20190918100830-snapshot.jpg
2,1,20190918,112700,85,2,627,455,705,514,Sep30_1/528-20190918112700-snapshot.jpg
2,1,20190918,124600,87,2,873,437,958,536,Sep30_1/529-20190918124600-snapshot.jpg
2,1,20190918,140730,34,8,722,282,765,329,Sep30_1/529-20190918140730-snapshot.jpg
2,1,20190918,140930,31,8,721,283,765,331,Sep30_1/529-20190918140930-snapshot.jpg
2,1,20190918,141000,57,8,721,282,766,331,Sep30_1/529-20190918141000-snapshot.jpg
2,1,20190918,141030,38,8,721,281,766,330,Sep30_1/529-20190918141030-snapshot.jpg
2,1,20190918,141100,34,8,722,283,765,331,Sep30_1/529-20190918141100-snapshot.jpg
2,1,20190918,141130,40,8,721,282,765,331,Sep30_1/529-20190918141130-snapshot.jpg
2,1,20190918,141200,46,8,721,280,766,329,Sep30_1/529-20190918141200-snapshot.jpg
2,1,20190918,141230,33,8,721,282,765,330,Sep30_1/529-20190918141230-snapshot.jpg
2,1,20190918,141300,61,8,722,282,768,333,Sep30_1/529-20190918141300-snapshot.jpg
2,1,20190918,141330,43,8,722,283,767,333,Sep30_1/529-20190918141330-snapshot.jpg
2,1,20190918,141400,50,8,721,281,766,331,Sep30_1/529-20190918141400-snapshot.jpg
2,1,20190918,141500,65,8,721,281,766,333,Sep30_1/529-20190918141500-snapshot.jpg
2,1,20190918,141530,37,8,720,283,764,331,Sep30_1/529-20190918141530-snapshot.jpg
2,1,20190918,141600,44,8,720,283,764,331,Sep30_1/529-20190918141600-snapshot.jpg
2,1,20190918,141630,53,8,722,282,767,333,Sep30_1/529-20190918141630-snapshot.jpg
2,1,20190918,141700,36,8,720,282,764,331,Sep30_1/529-20190918141700-snapshot.jpg
2,1,20190918,141730,58,8,720,281,765,330,Sep30_1/529-20190918141730-snapshot.jpg
2,1,20190918,141800,42,8,720,281,765,331,Sep30_1/529-20190918141800-snapshot.jpg
2,1,20190918,141830,51,8,721,283,765,331,Sep30_1/529-20190918141830-snapshot.jpg
2,1,20190918,141930,37,8,720,281,765,331,Sep30_1/529-20190918141930-snapshot.jpg
2,1,20190918,142000,51,8,720,280,766,331,Sep30_1/529-20190918142000-snapshot.jpg
2,1,20190918,142100,52,8,721,279,765,331,Sep30_1/529-20190918142100-snapshot.jpg
2,1,20190918,142100,81,9,781,917,846,1009,Sep30_1/529-20190918142100-snapshot.jpg
2,1,20190918,142200,54,8,720,281,765,330,Sep30_1/529-20190918142200-snapshot.jpg
2,1,20190918,142230,46,8,720,282,765,331,Sep30_1/529-20190918142230-snapshot.jpg
2,1,20190918,142300,28,8,720,280,766,330,Sep30_1/529-20190918142300-snapshot.jpg
2,1,20190918,142330,62,8,720,281,765,330,Sep30_1/529-20190918142330-snapshot.jpg
2,1,20190918,142400,30,8,721,281,765,330,Sep30_1/529-20190918142400-snapshot.jpg
2,1,20190918,142430,29,8,720,282,765,331,Sep30_1/529-20190918142430-snapshot.jpg
2,1,20190918,142630,29,8,720,282,766,331,Sep30_1/529-20190918142630-snapshot.jpg
2,1,20190918,142700,46,8,721,282,766,330,Sep30_1/529-20190918142700-snapshot.jpg
2,1,20190918,142800,35,8,721,280,766,329,Sep30_1/529-20190918142800-snapshot.jpg
2,1,20190918,142830,36,8,721,280,765,330,Sep30_1/529-20190918142830-snapshot.jpg
2,1,20190918,142930,47,8,721,280,766,330,Sep30_1/529-20190918142930-snapshot.jpg
2,1,20190918,143000,29,8,720,282,766,332,Sep30_1/529-20190918143000-snapshot.jpg
2,1,20190918,143030,37,8,721,282,766,332,Sep30_1/529-20190918143030-snapshot.jpg
2,1,20190918,143100,28,8,721,282,766,332,Sep30_1/529-20190918143100-snapshot.jpg
2,1,20190918,143130,30,8,721,282,766,332,Sep30_1/529-20190918143130-snapshot.jpg
2,1,20190918,143500,58,8,721,281,766,331,Sep30_1/529-20190918143500-snapshot.jpg
2,1,20190918,143530,35,8,721,282,766,331,Sep30_1/529-20190918143530-snapshot.jpg
2,1,20190918,143630,36,8,721,281,766,331,Sep30_1/529-20190918143630-snapshot.jpg
2,1,20190918,143730,47,8,720,282,766,332,Sep30_1/529-20190918143730-snapshot.jpg
2,1,20190918,143800,34,8,721,282,766,330,Sep30_1/529-20190918143800-snapshot.jpg
2,1,20190918,144030,29,8,721,280,766,329,Sep30_1/529-20190918144030-snapshot.jpg
2,1,20190918,144100,31,8,720,280,766,331,Sep30_1/529-20190918144100-snapshot.jpg
2,1,20190918,144130,38,8,721,282,766,332,Sep30_1/529-20190918144130-snapshot.jpg
2,1,20190918,144230,44,8,721,280,767,331,Sep30_1/529-20190918144230-snapshot.jpg
2,1,20190918,144300,53,8,720,280,766,331,Sep30_1/529-20190918144300-snapshot.jpg
2,1,20190918,144330,56,8,721,280,767,331,Sep30_1/529-20190918144330-snapshot.jpg
2,1,20190918,144400,28,8,722,283,766,331,Sep30_1/529-20190918144400-snapshot.jpg
2,1,20190918,144430,49,8,722,282,766,331,Sep30_1/529-20190918144430-snapshot.jpg
2,1,20190918,144500,26,8,721,281,767,332,Sep30_1/529-20190918144500-snapshot.jpg
2,1,20190918,144530,34,8,722,281,767,331,Sep30_1/529-20190918144530-snapshot.jpg
2,1,20190918,144600,29,8,722,281,767,331,Sep30_1/529-20190918144600-snapshot.jpg
2,1,20190918,144630,27,8,722,281,767,331,Sep30_1/529-20190918144630-snapshot.jpg
2,1,20190918,144700,50,8,722,281,767,331,Sep30_1/529-20190918144700-snapshot.jpg
2,1,20190918,144730,47,8,722,280,767,331,Sep30_1/529-20190918144730-snapshot.jpg
2,1,20190918,144800,41,8,722,281,767,331,Sep30_1/529-20190918144800-snapshot.jpg
2,1,20190918,144830,32,8,722,282,767,330,Sep30_1/529-20190918144830-snapshot.jpg
2,1,20190918,144900,48,8,722,282,767,331,Sep30_1/529-20190918144900-snapshot.jpg
2,1,20190918,145230,33,8,722,282,768,331,Sep30_1/529-20190918145230-snapshot.jpg
2,1,20190918,145330,67,8,722,282,768,331,Sep30_1/529-20190918145330-snapshot.jpg
2,1,20190918,145430,28,8,722,281,767,331,Sep30_1/529-20190918145430-snapshot.jpg
2,1,20190918,145500,46,8,722,281,767,330,Sep30_1/529-20190918145500-snapshot.jpg
2,1,20190918,145600,42,8,721,282,767,332,Sep30_1/529-20190918145600-snapshot.jpg
2,1,20190918,145630,64,8,723,282,767,331,Sep30_1/529-20190918145630-snapshot.jpg
2,1,20190918,145730,42,8,722,281,768,331,Sep30_1/529-20190918145730-snapshot.jpg
2,1,20190918,145800,32,8,722,283,767,330,Sep30_1/529-20190918145800-snapshot.jpg
2,1,20190918,145830,48,8,721,282,766,332,Sep30_1/529-20190918145830-snapshot.jpg
2,1,20190918,145900,52,8,722,281,767,331,Sep30_1/529-20190918145900-snapshot.jpg
2,1,20190918,145930,37,8,721,282,766,331,Sep30_1/529-20190918145930-snapshot.jpg
2,1,20190918,150000,50,8,721,283,766,331,Sep30_1/529-20190918150000-snapshot.jpg
2,1,20190918,150030,42,8,721,283,766,330,Sep30_1/529-20190918150030-snapshot.jpg
2,1,20190918,150100,61,8,722,282,766,330,Sep30_1/529-20190918150100-snapshot.jpg
2,1,20190918,150130,34,8,721,284,765,331,Sep30_1/529-20190918150130-snapshot.jpg
2,1,20190918,150200,62,8,721,282,767,330,Sep30_1/529-20190918150200-snapshot.jpg
2,1,20190918,150230,64,8,722,283,767,330,Sep30_1/529-20190918150230-snapshot.jpg
2,1,20190918,150300,26,8,721,285,766,331,Sep30_1/529-20190918150300-snapshot.jpg
2,1,20190918,150330,40,8,721,284,766,331,Sep30_1/529-20190918150330-snapshot.jpg
2,1,20190918,150400,46,8,721,284,766,333,Sep30_1/529-20190918150400-snapshot.jpg
2,1,20190918,150430,40,8,722,284,766,331,Sep30_1/529-20190918150430-snapshot.jpg
2,1,20190918,150630,55,8,721,283,766,331,Sep30_1/529-20190918150630-snapshot.jpg
2,1,20190918,150730,50,8,722,283,766,330,Sep30_1/529-20190918150730-snapshot.jpg
2,1,20190918,150830,31,8,721,285,766,330,Sep30_1/529-20190918150830-snapshot.jpg
2,1,20190918,150900,30,8,721,284,766,330,Sep30_1/529-20190918150900-snapshot.jpg
2,1,20190918,150930,55,8,721,283,766,330,Sep30_1/529-20190918150930-snapshot.jpg
2,1,20190918,151000,55,8,721,284,766,330,Sep30_1/529-20190918151000-snapshot.jpg
2,1,20190918,151030,27,8,721,284,765,331,Sep30_1/529-20190918151030-snapshot.jpg
2,1,20190918,151130,27,8,721,285,764,331,Sep30_1/529-20190918151130-snapshot.jpg
2,1,20190918,151200,40,8,721,285,765,331,Sep30_1/529-20190918151200-snapshot.jpg
2,1,20190918,151230,39,8,721,284,765,331,Sep30_1/529-20190918151230-snapshot.jpg
2,1,20190918,151300,36,8,720,284,764,330,Sep30_1/529-20190918151300-snapshot.jpg
2,1,20190918,151330,29,8,721,284,765,330,Sep30_1/529-20190918151330-snapshot.jpg
2,1,20190918,151500,38,8,721,283,765,331,Sep30_1/529-20190918151500-snapshot.jpg
2,1,20190918,151530,27,8,721,283,766,331,Sep30_1/529-20190918151530-snapshot.jpg
2,1,20190918,151630,42,8,721,285,765,331,Sep30_1/529-20190918151630-snapshot.jpg
2,1,20190918,151730,26,8,721,283,765,331,Sep30_1/529-20190918151730-snapshot.jpg
2,1,20190918,151800,45,8,721,282,766,331,Sep30_1/529-20190918151800-snapshot.jpg
2,1,20190918,153130,52,8,722,280,767,331,Sep30_1/531-20190918153130-snapshot.jpg
2,1,20190918,153200,37,8,721,281,767,334,Sep30_1/531-20190918153200-snapshot.jpg
2,1,20190918,153700,27,8,719,281,765,330,Sep30_1/532-20190918153700-snapshot.jpg
2,1,20190918,154000,26,8,720,281,766,331,Sep30_1/532-20190918154000-snapshot.jpg
2,1,20190918,154130,35,8,721,281,767,333,Sep30_1/532-20190918154130-snapshot.jpg
2,1,20190918,154400,26,8,720,281,767,331,Sep30_1/532-20190918154400-snapshot.jpg
2,1,20190918,154500,41,8,721,281,767,331,Sep30_1/532-20190918154500-snapshot.jpg
2,1,20190918,155000,44,8,722,281,766,330,Sep30_1/532-20190918155000-snapshot.jpg
2,1,20190918,155030,54,8,722,280,767,329,Sep30_1/532-20190918155030-snapshot.jpg
2,1,20190918,155100,54,8,721,281,767,331,Sep30_1/532-20190918155100-snapshot.jpg
2,1,20190918,155400,65,8,721,282,766,331,Sep30_1/532-20190918155400-snapshot.jpg
2,1,20190918,155430,26,8,722,283,766,330,Sep30_1/532-20190918155430-snapshot.jpg
2,1,20190918,155530,25,8,721,282,766,333,Sep30_1/532-20190918155530-snapshot.jpg
2,1,20190918,161200,38,8,723,280,769,330,Sep30_1/532-20190918161200-snapshot.jpg
2,1,20190918,161230,48,8,723,280,769,329,Sep30_1/532-20190918161230-snapshot.jpg
2,1,20190918,162500,32,8,723,280,769,330,Sep30_1/534-20190918162500-snapshot.jpg
2,1,20190918,162730,27,8,723,281,769,331,Sep30_1/536-20190918162730-snapshot.jpg
2,1,20190918,163000,30,8,722,280,768,330,Sep30_1/536-20190918163000-snapshot.jpg
2,1,20190918,163100,55,8,723,280,769,330,Sep30_1/536-20190918163100-snapshot.jpg
2,1,20190918,163200,49,8,723,280,768,330,Sep30_1/536-20190918163200-snapshot.jpg
2,1,20190918,163230,53,8,722,279,770,330,Sep30_1/536-20190918163230-snapshot.jpg
2,1,20190918,163300,57,8,723,280,768,330,Sep30_1/536-20190918163300-snapshot.jpg
2,1,20190918,163430,57,8,723,281,768,329,Sep30_1/537-20190918163430-snapshot.jpg
2,1,20190918,163500,58,8,723,280,769,329,Sep30_1/537-20190918163500-snapshot.jpg
2,1,20190918,163530,26,8,724,281,767,329,Sep30_1/537-20190918163530-snapshot.jpg
2,1,20190918,163600,65,8,722,281,768,330,Sep30_1/537-20190918163600-snapshot.jpg
2,1,20190918,163630,42,8,723,280,769,329,Sep30_1/538-20190918163630-snapshot.jpg
2,1,20190918,163700,38,8,723,281,767,329,Sep30_1/538-20190918163700-snapshot.jpg
2,1,20190918,163830,57,8,723,281,768,330,Sep30_1/539-20190918163830-snapshot.jpg
2,1,20190918,163930,46,8,723,282,767,330,Sep30_1/539-20190918163930-snapshot.jpg
2,1,20190918,164000,42,8,723,282,767,330,Sep30_1/539-20190918164000-snapshot.jpg
2,1,20190918,164030,28,8,723,282,768,330,Sep30_1/539-20190918164030-snapshot.jpg
2,1,20190918,164100,61,8,723,281,768,330,Sep30_1/539-20190918164100-snapshot.jpg
2,1,20190918,164130,50,8,723,281,768,329,Sep30_1/539-20190918164130-snapshot.jpg
2,1,20190918,164200,45,8,723,282,767,330,Sep30_1/539-20190918164200-snapshot.jpg
2,1,20190918,164230,48,8,724,282,768,329,Sep30_1/539-20190918164230-snapshot.jpg
2,1,20190918,164300,50,8,722,281,768,329,Sep30_1/539-20190918164300-snapshot.jpg
2,1,20190918,164400,57,8,723,282,768,330,Sep30_1/539-20190918164400-snapshot.jpg
2,1,20190918,164430,43,8,723,282,768,330,Sep30_1/539-20190918164430-snapshot.jpg
2,1,20190918,164500,52,8,723,281,768,329,Sep30_1/539-20190918164500-snapshot.jpg
2,1,20190918,164600,34,8,722,282,768,330,Sep30_1/539-20190918164600-snapshot.jpg
2,1,20190918,164630,38,8,723,282,767,330,Sep30_1/539-20190918164630-snapshot.jpg
2,1,20190918,164700,44,8,723,281,767,329,Sep30_1/539-20190918164700-snapshot.jpg
2,1,20190918,164730,34,8,724,282,768,328,Sep30_1/539-20190918164730-snapshot.jpg
2,1,20190918,164800,31,8,723,282,767,329,Sep30_1/539-20190918164800-snapshot.jpg
2,1,20190918,164830,55,8,723,282,768,330,Sep30_1/539-20190918164830-snapshot.jpg
2,1,20190918,164900,38,8,723,282,768,329,Sep30_1/539-20190918164900-snapshot.jpg
2,1,20190918,165030,48,8,723,282,768,330,Sep30_1/540-20190918165030-snapshot.jpg
2,1,20190918,165130,39,8,722,282,768,329,Sep30_1/540-20190918165130-snapshot.jpg
2,1,20190918,165200,41,8,723,281,768,328,Sep30_1/540-20190918165200-snapshot.jpg
2,1,20190918,165300,44,8,723,282,767,329,Sep30_1/540-20190918165300-snapshot.jpg
2,1,20190918,165330,29,8,723,281,769,329,Sep30_1/540-20190918165330-snapshot.jpg
2,1,20190918,165400,41,8,723,282,767,329,Sep30_1/540-20190918165400-snapshot.jpg
2,1,20190918,165430,48,8,723,282,768,330,Sep30_1/540-20190918165430-snapshot.jpg
2,1,20190918,165500,39,8,723,282,769,330,Sep30_1/541-20190918165500-snapshot.jpg
2,1,20190918,165530,58,8,722,281,769,329,Sep30_1/541-20190918165530-snapshot.jpg
2,1,20190918,165600,40,8,722,282,768,330,Sep30_1/541-20190918165600-snapshot.jpg
2,1,20190918,165630,66,8,723,281,768,331,Sep30_1/541-20190918165630-snapshot.jpg
2,1,20190918,165700,67,8,722,282,768,329,Sep30_1/541-20190918165700-snapshot.jpg
2,1,20190918,165830,46,8,723,283,768,330,Sep30_1/541-20190918165830-snapshot.jpg
2,1,20190918,165900,47,8,723,283,768,329,Sep30_1/541-20190918165900-snapshot.jpg
2,1,20190918,165930,68,8,722,281,768,330,Sep30_1/541-20190918165930-snapshot.jpg
2,1,20190918,170030,50,8,722,282,768,331,Sep30_1/541-20190918170030-snapshot.jpg
2,1,20190918,170100,41,8,722,283,768,331,Sep30_1/541-20190918170100-snapshot.jpg
2,1,20190918,170130,58,8,723,283,769,330,Sep30_1/541-20190918170130-snapshot.jpg
2,1,20190918,170200,58,8,722,282,768,330,Sep30_1/541-20190918170200-snapshot.jpg
2,1,20190918,170230,53,8,722,282,767,331,Sep30_1/541-20190918170230-snapshot.jpg
2,1,20190918,170300,58,8,723,282,768,330,Sep30_1/541-20190918170300-snapshot.jpg
2,1,20190918,170330,42,8,723,282,768,330,Sep30_1/541-20190918170330-snapshot.jpg
2,1,20190918,170400,58,8,723,282,768,329,Sep30_1/542-20190918170400-snapshot.jpg
2,1,20190918,170430,34,8,722,283,768,331,Sep30_1/542-20190918170430-snapshot.jpg
2,1,20190918,170630,29,8,723,283,768,330,Sep30_1/543-20190918170630-snapshot.jpg
2,1,20190918,170800,38,8,723,283,769,330,Sep30_1/544-20190918170800-snapshot.jpg
2,1,20190918,170830,45,8,723,282,768,331,Sep30_1/544-20190918170830-snapshot.jpg
2,1,20190918,170930,47,8,723,283,767,331,Sep30_1/544-20190918170930-snapshot.jpg
2,1,20190918,171200,38,8,723,282,768,330,Sep30_1/544-20190918171200-snapshot.jpg
2,1,20190918,171400,29,8,723,283,768,331,Sep30_1/544-20190918171400-snapshot.jpg
2,1,20190918,171600,32,8,722,283,768,331,Sep30_1/544-20190918171600-snapshot.jpg
2,1,20190918,171630,45,8,723,282,768,330,Sep30_1/544-20190918171630-snapshot.jpg
2,1,20190918,171700,58,8,723,282,768,331,Sep30_1/544-20190918171700-snapshot.jpg
2,1,20190918,171730,59,8,723,282,768,330,Sep30_1/544-20190918171730-snapshot.jpg
2,1,20190918,171800,67,8,722,282,768,331,Sep30_1/544-20190918171800-snapshot.jpg
2,1,20190918,171830,50,8,722,283,767,331,Sep30_1/544-20190918171830-snapshot.jpg
2,1,20190918,171900,55,8,722,282,768,331,Sep30_1/544-20190918171900-snapshot.jpg
2,1,20190918,171930,55,8,722,283,768,331,Sep30_1/544-20190918171930-snapshot.jpg
2,1,20190918,172130,49,8,723,283,768,331,Sep30_1/544-20190918172130-snapshot.jpg
2,1,20190918,172300,58,8,723,282,768,332,Sep30_1/544-20190918172300-snapshot.jpg
2,1,20190918,172430,38,8,723,282,769,331,Sep30_1/545-20190918172430-snapshot.jpg
2,1,20190918,172830,46,8,723,282,769,331,Sep30_1/547-20190918172830-snapshot.jpg
2,1,20190918,172900,47,8,722,282,769,331,Sep30_1/547-20190918172900-snapshot.jpg
2,1,20190918,172930,32,8,722,282,768,331,Sep30_1/547-20190918172930-snapshot.jpg
2,1,20190918,173000,25,8,722,282,769,330,Sep30_1/547-20190918173000-snapshot.jpg
2,1,20190918,173230,40,8,721,282,769,330,Sep30_1/548-20190918173230-snapshot.jpg
2,1,20190918,173300,32,8,722,283,768,332,Sep30_1/548-20190918173300-snapshot.jpg
2,1,20190918,173430,28,8,722,282,768,332,Sep30_1/548-20190918173430-snapshot.jpg
2,1,20190918,173700,33,8,722,282,769,331,Sep30_1/549-20190918173700-snapshot.jpg
2,1,20190911,082930,90,2,1008,830,1097,910,Sep30_1/55-20190911082930-snapshot.jpg
2,1,20190911,083230,47,8,1614,636,1699,702,Sep30_1/55-20190911083230-snapshot.jpg
2,1,20190918,174830,35,8,723,283,769,333,Sep30_1/552-20190918174830-snapshot.jpg
2,1,20190918,175430,28,8,723,281,770,333,Sep30_1/553-20190918175430-snapshot.jpg
2,1,20190918,175500,38,8,722,281,769,332,Sep30_1/553-20190918175500-snapshot.jpg
2,1,20190918,175630,66,8,721,281,770,332,Sep30_1/554-20190918175630-snapshot.jpg
2,1,20190918,175700,47,8,722,281,770,333,Sep30_1/554-20190918175700-snapshot.jpg
2,1,20190918,175830,39,8,722,282,770,331,Sep30_1/554-20190918175830-snapshot.jpg
2,1,20190918,180100,31,8,722,281,770,332,Sep30_1/555-20190918180100-snapshot.jpg
2,1,20190918,181230,28,8,721,281,770,333,Sep30_1/561-20190918181230-snapshot.jpg
2,1,20190918,190030,34,8,1768,230,1867,294,Sep30_1/568-20190918190030-snapshot.jpg
2,1,20190918,191800,32,1,1521,641,1566,685,Sep30_1/573-20190918191800-snapshot.jpg
2,1,20190919,071730,30,8,1750,468,1813,556,Sep30_1/581-20190919071730-snapshot.jpg
2,1,20190919,084400,29,8,1504,637,1565,695,Sep30_1/603-20190919084400-snapshot.jpg
2,1,20190919,085000,65,8,1504,637,1567,697,Sep30_1/606-20190919085000-snapshot.jpg
2,1,20190919,085030,56,8,1505,637,1567,696,Sep30_1/607-20190919085030-snapshot.jpg
2,1,20190919,091900,47,8,1508,638,1565,697,Sep30_1/612-20190919091900-snapshot.jpg
2,1,20190919,092130,44,8,1509,638,1564,697,Sep30_1/612-20190919092130-snapshot.jpg
2,1,20190919,092300,51,8,1508,639,1563,695,Sep30_1/612-20190919092300-snapshot.jpg
2,1,20190919,092330,52,8,1508,638,1564,695,Sep30_1/612-20190919092330-snapshot.jpg
2,1,20190919,092400,40,8,1508,638,1562,693,Sep30_1/612-20190919092400-snapshot.jpg
2,1,20190919,092600,27,8,1508,638,1567,696,Sep30_1/613-20190919092600-snapshot.jpg
2,1,20190919,092730,49,8,1508,637,1565,696,Sep30_1/614-20190919092730-snapshot.jpg
2,1,20190919,092800,31,8,1510,639,1565,696,Sep30_1/614-20190919092800-snapshot.jpg
2,1,20190919,092830,30,8,1510,638,1566,695,Sep30_1/614-20190919092830-snapshot.jpg
2,1,20190919,093130,40,8,1509,638,1565,695,Sep30_1/614-20190919093130-snapshot.jpg
2,1,20190919,093500,27,8,1509,638,1565,697,Sep30_1/616-20190919093500-snapshot.jpg
2,1,20190919,093730,51,8,1509,639,1563,698,Sep30_1/616-20190919093730-snapshot.jpg
2,1,20190919,094000,34,8,1508,641,1563,698,Sep30_1/616-20190919094000-snapshot.jpg
2,1,20190919,094230,34,8,1509,638,1563,697,Sep30_1/616-20190919094230-snapshot.jpg
2,1,20190919,142030,90,9,935,624,994,730,Sep30_1/624-20190919142030-snapshot.jpg
2,1,20190919,142500,83,2,570,932,670,1007,Sep30_1/624-20190919142500-snapshot.jpg
2,1,20190919,183200,34,8,1749,474,1813,559,Sep30_1/645-20190919183200-snapshot.jpg
2,1,20190920,071400,55,8,1750,467,1812,556,Sep30_1/658-20190920071400-snapshot.jpg
2,1,20190920,071630,26,8,1748,464,1814,554,Sep30_1/659-20190920071630-snapshot.jpg
2,1,20190920,071700,34,8,1749,466,1814,555,Sep30_1/659-20190920071700-snapshot.jpg
2,1,20190920,071730,70,8,1747,467,1815,559,Sep30_1/659-20190920071730-snapshot.jpg
2,1,20190920,071900,29,8,1749,464,1815,557,Sep30_1/659-20190920071900-snapshot.jpg
2,1,20190920,072000,36,8,1748,464,1815,556,Sep30_1/659-20190920072000-snapshot.jpg
2,1,20190920,072200,47,8,1748,465,1815,555,Sep30_1/659-20190920072200-snapshot.jpg
2,1,20190920,072330,74,8,1747,466,1815,555,Sep30_1/660-20190920072330-snapshot.jpg
2,1,20190920,072530,65,8,1746,466,1814,557,Sep30_1/660-20190920072530-snapshot.jpg
2,1,20190920,072600,26,8,1745,464,1816,560,Sep30_1/660-20190920072600-snapshot.jpg
2,1,20190920,072730,79,8,1747,463,1815,557,Sep30_1/661-20190920072730-snapshot.jpg
2,1,20190920,072830,75,8,1745,465,1815,560,Sep30_1/661-20190920072830-snapshot.jpg
2,1,20190920,072930,77,8,1746,465,1815,559,Sep30_1/661-20190920072930-snapshot.jpg
2,1,20190920,073000,45,8,1745,466,1816,559,Sep30_1/662-20190920073000-snapshot.jpg
2,1,20190920,073030,70,8,1746,465,1815,558,Sep30_1/662-20190920073030-snapshot.jpg
2,1,20190920,073100,34,8,1745,465,1817,559,Sep30_1/662-20190920073100-snapshot.jpg
2,1,20190920,073130,70,8,1747,467,1815,559,Sep30_1/662-20190920073130-snapshot.jpg
2,1,20190920,073200,45,8,1749,464,1815,554,Sep30_1/662-20190920073200-snapshot.jpg
2,1,20190920,073300,50,8,1746,467,1815,561,Sep30_1/662-20190920073300-snapshot.jpg
2,1,20190920,073330,34,8,1747,466,1816,556,Sep30_1/662-20190920073330-snapshot.jpg
2,1,20190920,073430,53,8,1743,465,1818,560,Sep30_1/663-20190920073430-snapshot.jpg
2,1,20190920,073500,46,8,1745,465,1817,562,Sep30_1/663-20190920073500-snapshot.jpg
2,1,20190920,073530,56,8,1745,468,1816,562,Sep30_1/663-20190920073530-snapshot.jpg
2,1,20190920,073630,52,8,1745,467,1816,560,Sep30_1/664-20190920073630-snapshot.jpg
2,1,20190920,073700,45,8,1748,468,1814,559,Sep30_1/664-20190920073700-snapshot.jpg
2,1,20190920,073830,32,8,1747,466,1815,559,Sep30_1/665-20190920073830-snapshot.jpg
2,1,20190920,073930,28,8,1742,466,1818,562,Sep30_1/665-20190920073930-snapshot.jpg
2,1,20190920,074030,50,8,1745,465,1817,562,Sep30_1/665-20190920074030-snapshot.jpg
2,1,20190920,074100,71,8,1749,468,1813,557,Sep30_1/665-20190920074100-snapshot.jpg
2,1,20190920,074200,52,8,1748,468,1815,558,Sep30_1/665-20190920074200-snapshot.jpg
2,1,20190920,074330,46,8,1748,468,1814,562,Sep30_1/665-20190920074330-snapshot.jpg
2,1,20190920,074400,55,8,1750,468,1814,557,Sep30_1/665-20190920074400-snapshot.jpg
2,1,20190920,074430,51,8,1750,468,1813,557,Sep30_1/665-20190920074430-snapshot.jpg
2,1,20190920,074530,69,8,1749,468,1813,559,Sep30_1/665-20190920074530-snapshot.jpg
2,1,20190920,074600,36,8,1746,469,1816,558,Sep30_1/665-20190920074600-snapshot.jpg
2,1,20190920,074700,47,8,1747,468,1814,558,Sep30_1/665-20190920074700-snapshot.jpg
2,1,20190920,074730,42,8,1747,467,1815,559,Sep30_1/666-20190920074730-snapshot.jpg
2,1,20190920,074800,41,8,1751,468,1812,557,Sep30_1/666-20190920074800-snapshot.jpg
2,1,20190920,074830,45,8,1749,468,1814,555,Sep30_1/666-20190920074830-snapshot.jpg
2,1,20190920,075000,83,8,1749,469,1814,560,Sep30_1/666-20190920075000-snapshot.jpg
2,1,20190920,075030,40,8,1748,468,1814,557,Sep30_1/666-20190920075030-snapshot.jpg
2,1,20190920,075100,55,8,1747,468,1814,560,Sep30_1/666-20190920075100-snapshot.jpg
2,1,20190920,075130,40,8,1748,469,1813,557,Sep30_1/666-20190920075130-snapshot.jpg
2,1,20190920,075230,32,8,1748,467,1815,558,Sep30_1/666-20190920075230-snapshot.jpg
2,1,20190920,075330,69,8,1747,467,1814,559,Sep30_1/666-20190920075330-snapshot.jpg
2,1,20190920,075430,75,8,1750,469,1813,559,Sep30_1/666-20190920075430-snapshot.jpg
2,1,20190920,075500,54,8,1749,468,1814,558,Sep30_1/666-20190920075500-snapshot.jpg
2,1,20190920,075600,55,8,1750,469,1812,557,Sep30_1/666-20190920075600-snapshot.jpg
2,1,20190920,075630,86,8,1749,469,1813,557,Sep30_1/667-20190920075630-snapshot.jpg
2,1,20190920,075700,54,8,1750,469,1814,557,Sep30_1/667-20190920075700-snapshot.jpg
2,1,20190920,075730,53,8,1749,470,1814,560,Sep30_1/667-20190920075730-snapshot.jpg
2,1,20190920,075830,38,8,1750,468,1813,557,Sep30_1/667-20190920075830-snapshot.jpg
2,1,20190920,080000,78,8,1749,468,1814,559,Sep30_1/667-20190920080000-snapshot.jpg
2,1,20190920,080030,26,8,1747,469,1815,561,Sep30_1/667-20190920080030-snapshot.jpg
2,1,20190920,080100,80,8,1750,469,1813,558,Sep30_1/668-20190920080100-snapshot.jpg
2,1,20190920,080230,31,8,1748,470,1813,558,Sep30_1/668-20190920080230-snapshot.jpg
2,1,20190920,080330,65,8,1748,470,1813,559,Sep30_1/669-20190920080330-snapshot.jpg
2,1,20190920,080430,61,8,1750,470,1813,559,Sep30_1/669-20190920080430-snapshot.jpg
2,1,20190920,081130,26,8,1751,470,1812,559,Sep30_1/671-20190920081130-snapshot.jpg
2,1,20190920,081300,32,8,1512,641,1564,701,Sep30_1/671-20190920081300-snapshot.jpg
2,1,20190920,081600,30,8,1509,637,1564,698,Sep30_1/672-20190920081600-snapshot.jpg
2,1,20190920,081630,30,8,1752,472,1811,556,Sep30_1/672-20190920081630-snapshot.jpg
2,1,20190920,081630,50,8,1507,642,1564,701,Sep30_1/672-20190920081630-snapshot.jpg
2,1,20190920,081700,47,8,1508,641,1564,699,Sep30_1/672-20190920081700-snapshot.jpg
2,1,20190920,082100,38,8,1510,638,1564,701,Sep30_1/672-20190920082100-snapshot.jpg
2,1,20190920,082400,53,8,1508,643,1563,700,Sep30_1/672-20190920082400-snapshot.jpg
2,1,20190920,082830,34,8,1509,644,1564,701,Sep30_1/672-20190920082830-snapshot.jpg
2,1,20190920,083000,39,8,1507,640,1564,699,Sep30_1/672-20190920083000-snapshot.jpg
2,1,20190920,083130,28,8,1508,644,1564,701,Sep30_1/672-20190920083130-snapshot.jpg
2,1,20190920,083200,48,8,1509,639,1562,701,Sep30_1/672-20190920083200-snapshot.jpg
2,1,20190920,083930,27,8,1511,642,1564,700,Sep30_1/673-20190920083930-snapshot.jpg
2,1,20190920,084000,27,8,1750,470,1812,558,Sep30_1/674-20190920084000-snapshot.jpg
2,1,20190920,084030,29,8,1509,642,1564,701,Sep30_1/674-20190920084030-snapshot.jpg
2,1,20190920,084100,42,8,1512,639,1564,698,Sep30_1/674-20190920084100-snapshot.jpg
2,1,20190920,084330,47,8,1509,640,1564,700,Sep30_1/674-20190920084330-snapshot.jpg
2,1,20190920,084430,29,8,1510,642,1564,699,Sep30_1/674-20190920084430-snapshot.jpg
2,1,20190920,084800,53,8,1510,641,1563,700,Sep30_1/675-20190920084800-snapshot.jpg
2,1,20190920,084930,35,8,1509,640,1564,699,Sep30_1/676-20190920084930-snapshot.jpg
2,1,20190920,085030,28,8,1509,639,1564,699,Sep30_1/676-20190920085030-snapshot.jpg
2,1,20190920,085130,32,8,1511,639,1565,700,Sep30_1/676-20190920085130-snapshot.jpg
2,1,20190920,085300,30,8,1511,639,1563,699,Sep30_1/676-20190920085300-snapshot.jpg
2,1,20190920,085430,45,8,1510,638,1563,700,Sep30_1/677-20190920085430-snapshot.jpg
2,1,20190920,085500,49,8,1511,637,1564,699,Sep30_1/678-20190920085500-snapshot.jpg
2,1,20190920,085530,28,8,1512,638,1564,699,Sep30_1/678-20190920085530-snapshot.jpg
2,1,20190920,090600,28,8,1751,468,1811,554,Sep30_1/678-20190920090600-snapshot.jpg
2,1,20190920,090700,36,8,1512,641,1566,700,Sep30_1/678-20190920090700-snapshot.jpg
2,1,20190920,091300,48,8,1751,469,1811,555,Sep30_1/679-20190920091300-snapshot.jpg
2,1,20190920,091430,43,8,1512,638,1565,698,Sep30_1/679-20190920091430-snapshot.jpg
2,1,20190920,091500,30,8,1751,470,1810,551,Sep30_1/679-20190920091500-snapshot.jpg
2,1,20190920,091700,66,8,1751,470,1811,553,Sep30_1/679-20190920091700-snapshot.jpg
2,1,20190920,091730,41,8,1749,470,1810,555,Sep30_1/679-20190920091730-snapshot.jpg
2,1,20190920,092000,65,8,1750,469,1811,553,Sep30_1/679-20190920092000-snapshot.jpg
2,1,20190920,092030,70,8,1750,469,1811,552,Sep30_1/679-20190920092030-snapshot.jpg
2,1,20190920,092130,28,8,1750,469,1810,553,Sep30_1/679-20190920092130-snapshot.jpg
2,1,20190920,092200,63,8,1751,469,1810,552,Sep30_1/679-20190920092200-snapshot.jpg
2,1,20190920,092230,52,8,1750,469,1811,552,Sep30_1/679-20190920092230-snapshot.jpg
2,1,20190920,092300,56,8,1752,471,1810,552,Sep30_1/680-20190920092300-snapshot.jpg
2,1,20190920,092430,48,8,1751,471,1810,553,Sep30_1/680-20190920092430-snapshot.jpg
2,1,20190920,092500,62,8,1750,470,1811,554,Sep30_1/680-20190920092500-snapshot.jpg
2,1,20190920,092530,61,8,1752,470,1810,552,Sep30_1/680-20190920092530-snapshot.jpg
2,1,20190920,092630,64,8,1751,470,1812,554,Sep30_1/680-20190920092630-snapshot.jpg
2,1,20190920,092700,29,8,1750,470,1811,554,Sep30_1/680-20190920092700-snapshot.jpg
2,1,20190920,092730,60,8,1752,469,1810,549,Sep30_1/680-20190920092730-snapshot.jpg
2,1,20190920,092800,30,8,1752,468,1810,551,Sep30_1/680-20190920092800-snapshot.jpg
2,1,20190920,092830,26,8,1513,638,1564,699,Sep30_1/680-20190920092830-snapshot.jpg
2,1,20190920,093000,47,8,1514,638,1564,694,Sep30_1/680-20190920093000-snapshot.jpg
2,1,20190920,095330,32,6,1858,930,1920,982,Sep30_1/680-20190920095330-snapshot.jpg
2,1,20190920,111030,35,8,1747,471,1813,559,Sep30_1/680-20190920111030-snapshot.jpg
2,1,20190920,112530,68,8,1748,469,1814,557,Sep30_1/680-20190920112530-snapshot.jpg
2,1,20190920,112600,68,8,1747,470,1813,559,Sep30_1/680-20190920112600-snapshot.jpg
2,1,20190920,112800,34,8,1748,470,1812,557,Sep30_1/680-20190920112800-snapshot.jpg
2,1,20190920,114530,66,8,1748,470,1813,558,Sep30_1/680-20190920114530-snapshot.jpg
2,1,20190920,114900,42,8,1745,467,1813,560,Sep30_1/680-20190920114900-snapshot.jpg
2,1,20190920,115030,41,8,1748,470,1812,557,Sep30_1/680-20190920115030-snapshot.jpg
2,1,20190920,115530,28,8,1745,470,1814,558,Sep30_1/680-20190920115530-snapshot.jpg
2,1,20190920,120230,32,8,1746,472,1812,559,Sep30_1/680-20190920120230-snapshot.jpg
2,1,20190920,122200,58,8,1748,472,1812,557,Sep30_1/680-20190920122200-snapshot.jpg
2,1,20190920,122230,32,8,1744,470,1814,559,Sep30_1/680-20190920122230-snapshot.jpg
2,1,20190920,122500,45,8,1747,471,1812,559,Sep30_1/680-20190920122500-snapshot.jpg
2,1,20190920,124230,26,8,1742,470,1815,561,Sep30_1/680-20190920124230-snapshot.jpg
2,1,20190920,125400,65,8,1746,469,1812,556,Sep30_1/680-20190920125400-snapshot.jpg
2,1,20190920,125430,73,8,1748,469,1813,555,Sep30_1/680-20190920125430-snapshot.jpg
2,1,20190920,125500,72,8,1749,468,1812,557,Sep30_1/680-20190920125500-snapshot.jpg
2,1,20190920,130930,32,8,1855,82,1920,134,Sep30_1/680-20190920130930-snapshot.jpg
2,1,20190920,131800,33,8,1741,469,1816,560,Sep30_1/680-20190920131800-snapshot.jpg
2,1,20190920,131900,27,8,730,282,777,329,Sep30_1/680-20190920131900-snapshot.jpg
2,1,20190920,132200,27,8,1741,469,1817,557,Sep30_1/680-20190920132200-snapshot.jpg
2,1,20190920,132400,25,2,772,871,839,929,Sep30_1/680-20190920132400-snapshot.jpg
2,1,20190920,132500,54,8,1741,469,1816,558,Sep30_1/680-20190920132500-snapshot.jpg
2,1,20190920,132900,57,8,1741,470,1816,558,Sep30_1/680-20190920132900-snapshot.jpg
2,1,20190920,133000,68,8,1742,469,1815,557,Sep30_1/680-20190920133000-snapshot.jpg
2,1,20190920,133030,27,8,1741,470,1815,558,Sep30_1/680-20190920133030-snapshot.jpg
2,1,20190920,133230,49,8,1741,470,1816,556,Sep30_1/680-20190920133230-snapshot.jpg
2,1,20190920,133730,38,2,958,673,1033,730,Sep30_1/680-20190920133730-snapshot.jpg
2,1,20190920,134130,60,8,1741,470,1816,557,Sep30_1/680-20190920134130-snapshot.jpg
2,1,20190920,134200,47,8,1741,469,1815,560,Sep30_1/680-20190920134200-snapshot.jpg
2,1,20190920,135330,34,8,1744,468,1812,555,Sep30_1/680-20190920135330-snapshot.jpg
2,1,20190920,135600,40,8,1741,469,1816,558,Sep30_1/680-20190920135600-snapshot.jpg
2,1,20190920,135630,79,8,1744,469,1812,555,Sep30_1/680-20190920135630-snapshot.jpg
2,1,20190920,135730,33,8,1745,469,1811,556,Sep30_1/680-20190920135730-snapshot.jpg
2,1,20190920,140430,79,8,1742,468,1813,555,Sep30_1/680-20190920140430-snapshot.jpg
2,1,20190920,140500,61,8,1742,468,1814,556,Sep30_1/680-20190920140500-snapshot.jpg
2,1,20190920,140530,40,8,1739,469,1816,557,Sep30_1/680-20190920140530-snapshot.jpg
2,1,20190920,140600,59,8,1740,468,1816,557,Sep30_1/680-20190920140600-snapshot.jpg
2,1,20190920,140700,36,8,1740,467,1816,558,Sep30_1/680-20190920140700-snapshot.jpg
2,1,20190920,140730,44,8,1743,468,1813,557,Sep30_1/680-20190920140730-snapshot.jpg
2,1,20190920,140800,75,8,1747,467,1811,555,Sep30_1/680-20190920140800-snapshot.jpg
2,1,20190920,140830,68,8,1745,467,1811,555,Sep30_1/680-20190920140830-snapshot.jpg
2,1,20190920,140900,75,8,1746,466,1811,554,Sep30_1/680-20190920140900-snapshot.jpg
2,1,20190920,140930,39,8,1739,467,1816,557,Sep30_1/680-20190920140930-snapshot.jpg
2,1,20190920,141000,60,8,1738,466,1817,557,Sep30_1/680-20190920141000-snapshot.jpg
2,1,20190920,141030,80,8,1741,467,1814,557,Sep30_1/680-20190920141030-snapshot.jpg
2,1,20190920,142000,50,8,1736,469,1818,558,Sep30_1/680-20190920142000-snapshot.jpg
2,1,20190920,142130,76,8,1742,468,1814,557,Sep30_1/680-20190920142130-snapshot.jpg
2,1,20190920,142230,69,8,1737,469,1818,559,Sep30_1/680-20190920142230-snapshot.jpg
2,1,20190920,142300,54,8,1741,469,1815,558,Sep30_1/680-20190920142300-snapshot.jpg
2,1,20190920,142330,72,2,1780,957,1838,1028,Sep30_1/680-20190920142330-snapshot.jpg
2,1,20190920,142430,26,8,1737,470,1819,560,Sep30_1/680-20190920142430-snapshot.jpg
2,1,20190911,104100,83,2,515,326,605,378,Sep30_1/79-20190911104100-snapshot.jpg
2,1,20190911,104700,79,9,1124,828,1210,879,Sep30_1/80-20190911104700-snapshot.jpg
2,1,20190911,104730,87,2,839,783,909,850,Sep30_1/80-20190911104730-snapshot.jpg
2,1,20190911,110130,85,2,153,233,216,316,Sep30_1/80-20190911110130-snapshot.jpg
2,1,20190911,114900,87,2,524,272,613,335,Sep30_1/84-20190911114900-snapshot.jpg
2,1,20190911,115730,85,8,1328,126,1386,203,Sep30_1/84-20190911115730-snapshot.jpg
2,1,20190911,123030,86,2,895,256,950,343,Sep30_1/85-20190911123030-snapshot.jpg
2,1,20190911,124100,83,2,545,990,648,1047,Sep30_1/86-20190911124100-snapshot.jpg
2,1,20190911,124130,85,2,1232,650,1316,721,Sep30_1/86-20190911124130-snapshot.jpg
2,1,20190911,124730,84,8,366,850,425,925,Sep30_1/86-20190911124730-snapshot.jpg
2,1,20190911,125430,86,2,440,325,503,405,Sep30_1/86-20190911125430-snapshot.jpg
2,1,20190911,125730,87,2,758,724,842,794,Sep30_1/86-20190911125730-snapshot.jpg
2,1,20190911,130130,79,2,438,359,517,430,Sep30_1/86-20190911130130-snapshot.jpg
2,1,20190911,130500,85,2,445,301,502,374,Sep30_1/86-20190911130500-snapshot.jpg
2,1,20190911,131800,87,2,732,1021,820,1078,Sep30_1/86-20190911131800-snapshot.jpg
2,1,20190911,132200,69,2,0,317,62,439,Sep30_1/86-20190911132200-snapshot.jpg
2,1,20190911,133830,87,2,936,305,1014,371,Sep30_1/86-20190911133830-snapshot.jpg
2,1,20190911,135300,87,2,1772,712,1883,773,Sep30_1/86-20190911135300-snapshot.jpg
2,1,20190911,142130,78,2,285,311,376,385,Sep30_1/86-20190911142130-snapshot.jpg
2,1,20190911,142200,82,2,772,771,853,825,Sep30_1/86-20190911142200-snapshot.jpg
2,1,20190911,142330,87,2,889,710,944,799,Sep30_1/86-20190911142330-snapshot.jpg
2,1,20190911,142830,87,2,537,265,635,319,Sep30_1/86-20190911142830-snapshot.jpg
2,1,20190911,144830,84,8,546,797,604,874,Sep30_1/88-20190911144830-snapshot.jpg
2,1,20190911,145100,86,2,697,1023,790,1080,Sep30_1/88-20190911145100-snapshot.jpg
2,1,20190911,145130,88,2,1087,387,1179,447,Sep30_1/88-20190911145130-snapshot.jpg
2,1,20190911,150030,63,2,747,1030,806,1080,Sep30_1/88-20190911150030-snapshot.jpg
2,1,20190911,150830,87,2,917,603,971,691,Sep30_1/89-20190911150830-snapshot.jpg
2,1,20190911,150930,82,1,1308,940,1353,980,Sep30_1/89-20190911150930-snapshot.jpg
2,1,20190911,151000,79,1,1307,940,1351,978,Sep30_1/89-20190911151000-snapshot.jpg
2,1,20190911,151030,85,1,1410,938,1460,993,Sep30_1/89-20190911151030-snapshot.jpg
2,1,20190911,151100,84,1,1298,954,1344,1000,Sep30_1/89-20190911151100-snapshot.jpg
2,1,20190911,151600,87,2,1106,823,1184,895,Sep30_1/89-20190911151600-snapshot.jpg
2,1,20190911,151800,84,2,346,343,439,393,Sep30_1/89-20190911151800-snapshot.jpg
2,1,20190911,153030,86,2,881,941,964,1019,Sep30_1/89-20190911153030-snapshot.jpg
2,1,20190911,154000,86,2,941,344,1006,427,Sep30_1/89-20190911154000-snapshot.jpg
2,1,20190911,154030,80,2,495,236,580,285,Sep30_1/89-20190911154030-snapshot.jpg
2,1,20190911,154100,78,2,594,600,646,675,Sep30_1/89-20190911154100-snapshot.jpg
2,1,20190911,154200,78,2,1083,2,1130,70,Sep30_1/89-20190911154200-snapshot.jpg
2,1,20190911,154500,82,2,766,771,837,832,Sep30_1/89-20190911154500-snapshot.jpg
2,1,20190911,160500,87,2,540,700,616,775,Sep30_1/89-20190911160500-snapshot.jpg
2,1,20190911,160700,88,2,1019,956,1106,1040,Sep30_1/89-20190911160700-snapshot.jpg
2,1,20190911,160730,83,2,683,734,750,809,Sep30_1/89-20190911160730-snapshot.jpg
2,1,20190911,161830,86,2,801,897,878,965,Sep30_1/90-20190911161830-snapshot.jpg
2,1,20190911,161900,72,2,576,635,653,697,Sep30_1/90-20190911161900-snapshot.jpg
2,1,20190911,162430,85,2,825,315,878,394,Sep30_1/90-20190911162430-snapshot.jpg
2,1,20190911,162900,83,2,568,294,626,362,Sep30_1/90-20190911162900-snapshot.jpg
2,1,20190911,162930,82,2,838,804,916,861,Sep30_1/90-20190911162930-snapshot.jpg
2,1,20190911,163100,87,2,681,827,769,903,Sep30_1/90-20190911163100-snapshot.jpg
2,1,20190911,163600,87,2,667,726,757,786,Sep30_1/90-20190911163600-snapshot.jpg
2,1,20190911,165300,80,9,426,104,490,185,Sep30_1/90-20190911165300-snapshot.jpg
2,1,20190911,165830,88,9,999,849,1096,912,Sep30_1/90-20190911165830-snapshot.jpg
2,1,20190911,165900,89,9,920,89,1018,160,Sep30_1/90-20190911165900-snapshot.jpg
2,1,20190911,170100,88,2,1031,708,1119,764,Sep30_1/90-20190911170100-snapshot.jpg
2,1,20190911,170130,86,2,885,296,945,359,Sep30_1/90-20190911170130-snapshot.jpg
2,1,20190911,170130,88,2,692,965,790,1018,Sep30_1/90-20190911170130-snapshot.jpg
2,1,20190911,170800,89,2,1010,804,1110,864,Sep30_1/90-20190911170800-snapshot.jpg
2,1,20190911,171000,87,2,314,342,397,410,Sep30_1/90-20190911171000-snapshot.jpg
2,1,20190911,172130,80,2,1862,613,1919,699,Sep30_1/90-20190911172130-snapshot.jpg
2,1,20190911,172130,89,2,948,734,1002,821,Sep30_1/90-20190911172130-snapshot.jpg
2,1,20190911,175000,83,2,459,856,543,929,Sep30_1/92-20190911175000-snapshot.jpg
2,1,20190911,175030,88,2,770,723,854,777,Sep30_1/92-20190911175030-snapshot.jpg
2,1,20190911,175100,66,2,1096,46,1156,112,Sep30_1/92-20190911175100-snapshot.jpg
2,1,20190911,175230,85,2,1060,836,1133,921,Sep30_1/92-20190911175230-snapshot.jpg
2,1,20190911,175300,38,2,1324,1041,1387,1080,Sep30_1/92-20190911175300-snapshot.jpg
2,1,20190911,184230,84,8,1737,603,1834,672,Sep30_1/94-20190911184230-snapshot.jpg
